직무명,직무개요,수행직무,정규교육,숙련기간,직무기능,작업강도,육체활동,작업장소,작업환경,유사명칭,관련직업,자격/면허,고용직업분류,표준직업분류,표준산업분류,조사연도,비고
나노공학기술자(일반),"나노기술을 활용하여 전자(소자), 바이오, 소재, 공장장비 및 측정기기 등의 개발, 개선, 시험 등에 적용한다.","나노미터(십억 분의 일) 단위의 조작을 통해 기존의 전자, 바이오, 소재, 장비 및 기기에 나노기술을 적용한다. 핵심나노소재 기술 및 인간유전체기능연구, 생체기능조절물질개발 등 각종 분야에 걸쳐 연구·개발되고 있는 나노기술(초소형·초경량제품의 개발, 고가소재 성형공정의 단순화, 저에너지의 신공정 개발, 초고속·초고집적·초저소비전력 나노소자개발, 나노단위부품의 설계·제어·측정 및 공정장비 기술개발, 나노기공 다공체복합소재, 광학소재 등)의 방법을 검토하여 적용하고 시험을 통해 개선한다.",14년 초과 ~ 16년 이하(대졸 정도),2년 초과 ~ 4년 이하,자료 (종합) / 사람 (관련없음) / 사물 (정밀작업),가벼운 작업,-,실내,-,나노공학엔지니어,"나노소자기술자, 나노바이오기술자, 나노소재 기술자, 나노공정기술자",,[1521]금속·재료공학 기술자 및 연구원,[2331]금속·재료 공학 연구원 및 기술자,[M701]자연과학 및 공학 연구개발업,2023,
나노바이오연구원,"생명체를 구성하는 바이오 물질을 나노미터 크기의 수준에서 조작·제어하기위해 연구, 개발, 시험 업무를 한다.","단백질칩, DNA칩, 랩온어칩(Lab on a Chip:바이오칩의 일종으로 손톱만 한 크기의 칩 하나로 실험실에서 할 수 있는 연구를 수행할 수 있도록 만든 장치), 진단시약, 바이오센서기기, 의료용 미세전자기계시스템(Bio-MEMS), 나노머시닝(Nano Machining) 등 나노바이오 관련 핵심기술에 관해 연구한다. 연구를 통해 임상분석기기, 진단기기, 생체재생, 항암제, 신의약품, 펩타이드 및 단백질 등의 생산을 하기 위해 각종 응용분야에 관해 연구한다. 그 외에 연구원(일반)이 수행하는 일반적인 업무를 수행한다.",16년 초과(대학원 이상),2년 초과 ~ 4년 이하,자료 (종합) / 사람 (말하기-신호) / 사물 (정밀작업),가벼운 작업,-,실내,-,-,-,"바이오화학제품제조기사(구.생물공학기사), 화공기사, 화학분석기사",[1221]생명과학 연구원,[2111]생명과학 연구원,[M701]자연과학 및 공학 연구개발업,2012,-
나노소자공정개발원,나노소자구조 설계에 따른 공정요구사항을 파악하고 공정기술을 개발하며 공정사양을 유지·관리한다.,"나노소자구조에 대한 적합한 공정사양을 선정한다. 소자구조에 적합한 공정의 핵심사항을 개발 및 결정한다. 나노소자의 사양, 구조 및 설계에 적합한 공정을 개발한다. 인적, 물적 자원을 활용하여 나노소자 생산계획을 수립한다. 공정조건에 맞추어 효율적으로 제품을 생산하고 결과를 검사한다. 기존 소자공정의 효율성을 높이기 위한 주요사항을 개선한다. 공정 및 소자성능을 유지·관리한다. 공정장비의 기능을 숙지한다. 각 공정흐름도(Process Flow)를 파악한다. 공정환경을 관리하고 기록한다. 공정·검사매뉴얼을 개선하고 공정장비의 기능을 향상한다. 새로운 나노소자에 대한 공정검사매뉴얼을 제작하고 공정, 장비의 기능을 설계한다. 나노소자 대량생산을 위한 스케일업(Scale-Up) 공정을 검토한다.",14년 초과 ~ 16년 이하(대졸 정도),2년 초과 ~ 4년 이하,자료 (종합) / 사람 (관련없음) / 사물 (정밀작업),가벼운 작업,-,실내,-,나노소자생산기술개발자,-,,[1521]금속·재료공학 기술자 및 연구원,[2331]금속·재료 공학 연구원 및 기술자,[C339]그 외 기타 제품 제조업,2023,
나노소자설계원,나노미터 크기의 물질이나 구조가 갖는 독특한 성질과 현상을 이용하여 특정한 목적의 기능을 발휘하는 나노소자를 설계한다.,"새로운 나노소자의 사양, 구조 및 설계의 핵심사항을 선정한다. 제품성능 및 특성을 정의한다. 회로, 공정(상향식, 하향식), 구조 등에 대한 요구사항을 파악한다. 나노소자의 구조에 따른 부분별 설계도를 작성한다. 부분별로 작성된 소자구조 설계를 취합하여 전체 소자를 설계한다. 소자 설계가 요구조건을 충족하는지 확인하고 검증한다. 소자의 공정, 구조 등 기술적 핵심사양을 설계한다. 나노소자의 종류에 따라 반도체용 나노소자(메모리소자, 로직소자, 광소자), 센서용 나노소자(물리센서, 화학센서, 생체인식센서), 디스플레이용 나노소자(LCD용 나노소자, OLED용 나노소자, Backplane소자, Touch용 나노소자), 에너지용 나노소자(이차전지, 연료전지, 태양전지 등) 등을 개발한다.",14년 초과 ~ 16년 이하(대졸 정도),1년 초과 ~ 2년 이하,자료 (종합) / 사람 (관련없음) / 사물 (설치),가벼운 작업,-,실내,-,,-,,[1521]금속·재료공학 기술자 및 연구원,[2331]금속·재료 공학 연구원 및 기술자,[M701]자연과학 및 공학 연구개발업,2023,
나노소자연구원,자체로서 특정한 하나 이상의 기능을 수행하는 나노소자를 연구·개발한다.,"나노CMOS분야와 나노전자소자분야, 나노자기소자, 나노과소자 등으로 구분되는 나노소자분야에서 기존과 다른 현상 및 원리에 기초한 새로운 공정을 통해 소자를 개발한다. 반도체소자들의 기술적, 제조상의 한계를 극복하고 초고속·초고집적·초저소비전력을 가능케 하는 나노소자를 개발한다. 100 nm 이하 나노스케일의 물질이나 구조를 갖는 독특한 성질의 현상을 이용하여 특정목적의 소재 또는 부품을 만드는 소자를 연구한다. 기타 연구원(일반)들이 수행하는 일반적인 활동을 한다.",16년 초과(대학원 이상),2년 초과 ~ 4년 이하,자료 (종합) / 사람 (관련없음) / 사물 (정밀작업),가벼운 작업,-,실내,-,,-,,[1521]금속·재료공학 기술자 및 연구원,[2331]금속·재료 공학 연구원 및 기술자,[M701]자연과학 및 공학 연구개발업,2023,
나노소자측정평가기술자,나노소자 측정·평가기술을 개발하고 공정 및 소자성능을 유지·관리한다.,"확립된 측정법을 이용하여 나노소자의 특성을 측정하고 결과를 정리한다. 측정·평가기술의 효율성 저해요소를 조사하여 원인을 파악하고 개선안을 도출하여 측정·평가기술을 개선한다. 나노소자의 성능향상 및 새로운 측정, 평가가 필요한 항목을 조사하여 특성·평가기술을 설계·개발한다. 개발된 측정·평가기술을 표준화한다.",14년 초과 ~ 16년 이하(대졸 정도),1년 초과 ~ 2년 이하,자료 (종합) / 사람 (관련없음) / 사물 (정밀작업),가벼운 작업,-,실내,-,,-,,[1521]금속·재료공학 기술자 및 연구원,[2331]금속·재료 공학 연구원 및 기술자,[C339]그 외 기타 제품 제조업,2023,
나노소자품질검사원,"나노소자 개발 및 양상단계에서 발생할 수 있는 문제점을 예방하고 공정, 출하, 제품품질을 검사하여 품질을 관리한다.","나노소자 모듈공정사양에 따라 조립생산, 공정유지 및 보수업무를 수행한다. 조립생산의 반복 공정작업을 수행하고 관리한다. 나노소자 공정으로부터 제작된 회로, 센서부, 구동부, 검출부 등을 부착하여 소자, 모듈을 조립 완성한다. 모듈공정의 작업성 및 품질개선을 수행한다. 모듈공정의 변경, 제거, 대체작업을 수행한다. 신개념 기술, 공법, 새로운 장비, 공정사항을 숙지한다.",14년 초과 ~ 16년 이하(대졸 정도),2년 초과 ~ 4년 이하,자료 (분석) / 사람 (관련없음) / 사물 (정밀작업),가벼운 작업,"손사용
시각",실내,-,-,-,-,[1522]금속·재료공학 시험원,[2332]금속 및 재료 공학 시험원,[C339]그 외 기타 제품 제조업,2015,-
나노소자품질관리자,"나노소자 개발 및 양상단계에서 발생할 수 있는 문제점을 예방하고 공정, 출하, 제품품질을 검사하여 품질을 관리한다.","나노소자 모듈공정사양에 따라 조립생산, 공정유지 및 보수업무를 수행한다. 조립생산의 반복 공정작업을 수행하고 관리한다. 나노소자 공정으로부터 제작한 회로, 센서부, 구동부, 검출부 등을 부착하여 소자, 모듈을 조립 완성한다. 모듈공정의 작업성 및 품질개선을 수행한다. 모듈공정의 변경, 제거, 대체작업을 수행한다.",14년 초과 ~ 16년 이하(대졸 정도),2년 초과 ~ 4년 이하,자료 (분석) / 사람 (관련없음) / 사물 (정밀작업),가벼운 작업,"손사용
시각",실내,-,-,,,[0284]생산·품질 사무원,[3124]생산 및 품질 관리 사무원,[C339]그 외 기타 제품 제조업,2023,
나노소재생산공정원,나노소재를 생산하기 위하여 생산계획을 수립하고 공정을 운영·관리한다.,"나노소재 생산을 위한 작업표준서를 작성한다. 생산계획을 수립한다. 생산장비(수열합성장치, 전기화학적 합성장치, 전기선폭발장치, 플라스마장치 등) 가동계획을 수립한다. 생산장비, 부대시설 및 검사용 측정기기의 검·교정을 수행하고 유지보수계획을 수립한다. 생산계획에 따른 원재료(금속염 및 환원제, 금속분말, 금속판, 금속선 등) 조달계획을 수립하고 재고를 관리한다. 원재료 및 제품의 회수 및 폐기처리를 관리한다. 생산계획에 따른 인력수급계획을 수립한다. 수립된 생산계획에 따라 생산공정을 운용한다. 생산실적을 집계하고 분석한다. 제품의 개선방안을 수립한다.",14년 초과 ~ 16년 이하(대졸 정도),1년 초과 ~ 2년 이하,자료 (분석) / 사람 (관련없음) / 사물 (정밀작업),가벼운 작업,-,실내,-,,-,,[0284]생산·품질 사무원,[3124]생산 및 품질 관리 사무원,[C339]그 외 기타 제품 제조업,2023,
나노소재설계원,기존 소재를 개선하거나 새로운 특성의 나노소재를 설계한다.,"기존 소재의 특성 개선요구사항, 신소재 개발 필요성을 파악하고 성능분야(전자적, 열적, 기계적 특성)별로 분류·분석한다. 소재개발에 필요한 기술력, 관련 분야의 개발동향, 국제규격 및 규제, 사업성, 기술성, 장래성, 기존 제품과의 연관성 등을 고려하여 신규개발 소재의 타당성을 검토한다. 개발할 나노소재를 선정하고 재료물성의 종류 및 특성을 설정한다. 나노소재의 목표성능을 설정하고 특성항목별로 유효성 검증기술, 분석 및 분석결과 해석기술 등을 개발한다. 기타 연구원(일반)들이 수행하는 일반적인 활동을 한다.",14년 초과 ~ 16년 이하(대졸 정도),2년 초과 ~ 4년 이하,자료 (종합) / 사람 (관련없음) / 사물 (정밀작업),가벼운 작업,-,실내,-,,-,,[1521]금속·재료공학 기술자 및 연구원,[2331]금속·재료 공학 연구원 및 기술자,[M701]자연과학 및 공학 연구개발업,2023,
나노소재연구원(일반),"나노기초소재, 나노박막소재, 나노기공체, 나노벌크소재, 나노복합소재 등 정보·전자, 생명과학, 환경·에너지, 자동차 및 항공우주 등 각종 분야에 쓰이는 나노소재를 연구개발한다.","생활용품, 환경 관련 제품, 바이오분야 등 각종 분야에 사용되는 탄소나노튜브(CNT), 은나노, 광촉매, 고강도·초경량 소재, 연료전지 소재, 각종 촉매물질, 의학용 소재 등을 연구·개발한다. 나노소재 연구개발을 위해 시험, 측정, 분석 업무를 한다. 기타 연구원(일반)들이 수행하는 일반적인 활동을 한다.",16년 초과(대학원 이상),2년 초과 ~ 4년 이하,자료 (종합) / 사람 (관련없음) / 사물 (정밀작업),가벼운 작업,-,실내,-,,-,,[1521]금속·재료공학 기술자 및 연구원,[2331]금속·재료 공학 연구원 및 기술자,[M701]자연과학 및 공학 연구개발업,2023,
나노소재제품공정개발원,나노소재 제품을 생산할 수 있도록 생산공정기술을 개발하고 적용한다.,"설명서(매뉴얼)를 통해 나노소재 제조공정 및 장비(반응기, 증착기, Evaporator, Sputter, CVD, Stirred Batch Reactor 등), 검사장비(광학현미경, 입도측정기, SEM, FTIR, XRD 등의 검사장비)및 검사방법을 확인한다. 각 공정흐름도(Process Flow)를 파악한다. 공정환경을 관리하고 기록한다. 공정·검사매뉴얼을 개선하고 공정장비의 기능을 향상한다. 새로운 나노소재에 대한 공정검사매뉴얼을 제작하고 공정·장비의 기능을 설계한다. 나노소재 대량생산을 위한 스케일업(Scale-Up)공정을 검토한다. 양산물에 대한 기기분석(결정학, 투과현미경, 원자현미경 이론, XPS, TEM, STM, AFM)을 한다. 대량생산공정을 표준화하고 표준화된 공정을 플랜트에 적용한다.",14년 초과 ~ 16년 이하(대졸 정도),2년 초과 ~ 4년 이하,자료 (종합) / 사람 (관련없음) / 사물 (정밀작업),가벼운 작업,-,실내,-,나노소재생산기술개발자,-,,[1521]금속·재료공학 기술자 및 연구원,[2331]금속·재료 공학 연구원 및 기술자,[C339]그 외 기타 제품 제조업,2023,
나노소재측정평가기술자,나노소재의 측정·평가기술을 개발하고 기술표준화를 연구한다.,"나노소재의 특성에 따른 측정법을 분류·분석한다. 각종 측정법에 따른 특성분석 및 평가기술을 설계하고 문서화한다. XRD(엑스선회절분석기), EELS(전자에너지손실분광법), EDX(에너지분산형 X선 분광법), TEM(투사전자현미경), SEM(주사전자현미경), 측정자동화프로그램 등 측정·평가장비를 운용한다. 측정절차에 따라 측정을 진행하고 측정된 데이터를 분석한다. 측정평가방법의 표준화절차를 수행하고 매뉴얼을 작성한다. 측정·평가기술을 개선하고 새로운 분석법도 개발한다.",14년 초과 ~ 16년 이하(대졸 정도),1년 초과 ~ 2년 이하,자료 (분석) / 사람 (관련없음) / 사물 (정밀작업),가벼운 작업,-,실내,-,,-,,[1521]금속·재료공학 기술자 및 연구원,[2331]금속·재료 공학 연구원 및 기술자,[C339]그 외 기타 제품 제조업,2023,
나노소재품질관리자,생산된 나노소재의 시험결과를 판정하여 출하 여부를 결정하며 품질개선업무를 수행한다.,"나노소재 원·부자재 및 단위 공정 생산품의 샘플선정방법을 수립하고 품질관리인자를 도출한다. 품질에 영향을 주는 인자를 고려하여 검사공정을 선정한다. 측정방법을 확립하고 지속적으로 개선한다. 시험실, 시험장비, 시험기기, 측정기기를 점검하고 관리한다. 생산품의 품질을 측정·기록·관리한다. 원자재, 완제품의 시험결과를 분석·기록하고 판정한다. 원자재 및 부분품을 평가한다. 클레임 등 소비자의 요구를 취합·정리하여 관련 부서에 전달한다.",14년 초과 ~ 16년 이하(대졸 정도),6개월 초과 ~ 1년 이하,자료 (분석) / 사람 (관련없음) / 사물 (정밀작업),가벼운 작업,-,실내,-,,-,,[0284]생산·품질 사무원,[3124]생산 및 품질 관리 사무원,[C339]그 외 기타 제품 제조업,2023,
나노소재품질시험원,생산된 나노소재의 시험결과를 판정하여 출하 여부를 결정하며 품질개선업무를 수행한다.,"나노소재 원·부자재 및 단위 공정 생산품의 샘플선정방법을 수립하고 품질관리인자를 도출한다. 품질에 영향을 주는 인자를 고려하여 검사공정을 선정한다. 측정방법을 확립하고 지속적으로 개선한다. 시험실, 시험장비, 시험기기, 측정기기를 점검하고 관리한다. 생산품의 품질을 측정·기록·관리한다. 원자재, 완제품의 시험결과를 분석·기록하고 판정한다. 원자재 및 부분품을 평가한다. 클레임 등 소비자의 요구를 취합·정리하여 관련 부서에 전달한다.",14년 초과 ~ 16년 이하(대졸 정도),6개월 초과 ~ 1년 이하,자료 (분석) / 사람 (관련없음) / 사물 (정밀작업),가벼운 작업,-,실내,-,-,-,-,[1522]금속·재료공학 시험원,[2332]금속 및 재료 공학 시험원,[C339]그 외 기타 제품 제조업,2015,-
나노연구원(일반),현재의 마이크로기술을 대체할 나노기술을 연구한다.,"물질을 원자, 분자수준단계에서 물리적 혹은 화학적으로 제어하여 나타나는 새로운 현상 및 특성, 유용한 구조와 기능을 규명·제어·연구한다. 소재, 소자, 바이오기술 등 각종 다른 산업과의 융합기술에 대해 연구·개발한다. 나노구조 물질의 생산 및 나노구조물질과 나노복합재료의 제조, 복잡한 규모의 나노구조물질의 제조 등 단계별 연구를 한다. 높은 물질의 효용성, 경제성, 환경친화성, 기술집약도 등을 목표로 각종 실험 및 연구를 수행한다. 기타연구원(일반)들이 수행하는 일반적인 활동을 한다.",16년 초과(대학원 이상),2년 초과 ~ 4년 이하,자료 (종합) / 사람 (관련없음) / 사물 (정밀작업),가벼운 작업,-,실내,-,-,-,,[1521]금속·재료공학 기술자 및 연구원,[2331]금속·재료 공학 연구원 및 기술자,[M701]자연과학 및 공학 연구개발업,2023,
나노장비개발원,나노소재·소자 공정 및 분석 장비를 설계·개발한다.,"개발하는 장비에 따라 나노소재 및 나노소자의 기본요소를 합성, 증착 및 패터닝하는 공정기술 및 이에 관련된 물성, 소자특성 측정기술 등 나노제품 생산공정·장비기술을 연구한다. 개발할 장비의 사양을 고객(개발진)과 협의하여 선정한다. 설계도구를 활용하여 생산할 생산장비의 외형을 작성한다. 전기장치 및 제어프로그램을 구성하고 도면을 작성한다. 생산장비의 사양이 반영된 모의구성을 설계한다. 세부구조를 설계하고 분석한다. 총괄구조를 설계하고 분석한다. 장비의 종류에 따라 나노공정 및 장비(나노박막 증착, 나노선 합성, 나노점 합성), 나노기반 공정 (나노패터닝, 나노식각, 저가 대면적 공정, 자기조립 기반 공정 등), 나노소재 측정분석(나노 화학구조분석, 나노 광학특성분석, 나노 전기적 특성분석, 나노역학 특성분석 등)장비 등을 개발한다.",16년 초과(대학원 이상),2년 초과 ~ 4년 이하,자료 (종합) / 사람 (관련없음) / 사물 (설치),가벼운 작업,-,실내,-,,-,"기계기술사, 일반기계기사",[1521]금속·재료공학 기술자 및 연구원,[2331]금속·재료 공학 연구원 및 기술자,[C339]그 외 기타 제품 제조업,2023,
나노화학연구원,"나노미터 수준의 크기를 가지는 유기 및 무기합성 고분입자의 합성과 물성, 그리고 그 활용을 연구한다.","나노소재화학(Nanomaterials Chemistry)분야의 경우, 나노 크기의 소재를 합성하고 활용하는 연구를 수행한다. 나노물성화학(Properties of Nanomaterials)분야의 경우, 나노입자의 물성을 조사하거나 조사하는 방법을 개발하는 연구를 수행한다. 나노의약화학(Nanomedicinal Chemistry)분야의 경우, 나노 크기의 약물을 합성하고, 이를 전달하는 방법을 연구하고 나노입자의 생리활성 등을 연구한다. 무기나노화학(Inorganic Nanochemistry)분야의 경우, 나노 크기의 무기질입자를 합성하고 응용하는 연구를 수행한다. 나노고분자화학(Nanopolymers)분야의 경우, 나노 크기의 고분자 입자를 합성하고 응용하는 연구를 수행한다. 나노바이오화학(Nanobiochemistry)분야의 경우, 나노입자에 생화합물을 접합시키거나 생체나노입자에 합성나노입자를 결합시키는 등 합성나노물질과 생체물질 사이의 상호작용을 연구하고 응용하는 연구를 수행한다. 나노광화학(Nanophotochemistry)분야의 경우, 나노입자와 빛과의 상호작용, 빛 발생현상 등을 연구하고 응용한다. 나노구조화학(Nanostructures)분야의 경우, 나노입자의 구조를 연구한다. 그 외에 연구원(일반)이 수행하는 일반적인 업무를 수행한다.",16년 초과(대학원 이상),1년 초과 ~ 2년 이하,자료 (분석) / 사람 (협의) / 사물 (정밀작업),가벼운 작업,"손사용
언어력
시각",실내,"대기환경미흡
위험내재",-,"나노소재화학연구원, 나노물성화학연구원, 나노의약화학연구원, 무기나노화학연구원, 나노고분자화학연구원, 나노바이오화학연구원, 나노광화학연구원, 나노구조화학연구원",-,[1211]자연과학 연구원,[2112]자연과학 연구원,[M701]자연과학 및 공학 연구개발업,2012,-
나름걸이원,제직이 완료된 직기로 새로운 직물을 짜기 위해 경사를 변경·정리한다.,"직조기에서 수공구를 사용하여 경사빔, 종광, 드로퍼(Dropper), 바디를 제거한다. 필요한 조정을 하기 위해 기어, 캠, 정지장치, 북침장치 등의 직조기 부품을 검사한다. 수공구로 결함이 있는 부속품을 수리하고 장력 및 시간조절장치를 조정하는 직조기보전원의 일을 한다. 분해한 경사빔, 종광, 드로퍼, 바디, 패턴체인을 직조기에 재조립한다. 북집과 바디의 수평조절을 하고 정리한다. 직기 빔의 날실 끝을 모아 묶는다. 끊어진 실을 잇는다. 바디걸이가 잘못된 것을 종광을 통해 다시 꿴다. 직조기를 청소하고 기름을 치기도 한다. 수공구를 사용하여 북집 장치를 제거하고 대체하기도 한다.",9년 초과 ~ 12년 이하(고졸 정도),6개월 초과 ~ 1년 이하,자료 (비교) / 사람 (관련없음) / 사물 (수동조작),보통 작업,웅크림,실내,"대기환경미흡
위험내재
고온
다습
소음·진동","틀걸이원, 직조기보전원",-,설비보전기능사,[8612]직조기·편직기 조작원,[8221]직조기 및 편직기 조작원,[C133]편조원단 제조업,2016,-
나름정리원,직조에 들어가기 전에 경사의 끝을 묶어 직조기에 있는 경사의 끝과 일치되도록 실 끝을 배열한다.,잭(Jack)을 이용하여 직조기에 빔을 장치한다. 사침배열에 따라 직조기의 마지막 경사와 새 경사의 다른 한쪽 끝을 분리하고 사침대에 가닥들을 끼워 위치가 바뀌지 않도록 한다. 끊어진 실 끝을 묶고 종광을 통해 실을 빼고 끊어진 곳을 잇는다. 이동기구로 직조기로부터 직조 빔을 운반하기도 한다.,9년 초과 ~ 12년 이하(고졸 정도),3개월 초과 ~ 6개월 이하,자료 (비교) / 사람 (관련없음) / 사물 (투입-인출),보통 작업,웅크림,실내,"위험내재
고온
소음·진동",-,-,-,[8612]직조기·편직기 조작원,[8221]직조기 및 편직기 조작원,[C132]직물직조 및 직물제품 제조업,2016,-
나무의사,"나무에 발생하는 생물적, 비생물적 요인 등의 피해에 대한 예찰, 진단, 계획, 설계, 처방, 치료, 평가 등을 통해 나무의 건강성을 유지하도록 한다.","산림 및 생활권 나무관리주체(지자체 등) 등과 나무진료 관련 계약을 체결한다. 나무의 피해상태 및 발생시기, 최대피해기 등을 확인하기 위해 예찰을 한다. 피해를 입은 나무를 식별하고, 피해증상을 통해 병해충을 구분한 후, 방제계획 및 연간관리계획을 수립한다. 곤충이나 병원균 등에 의한 생물적 나무피해의 원인을 조사하고 처방을 통해 치료한 후 지속적인 건강성을 유지토록 한다. 토양, 대기, 기후 등에 의한 비생물적 나무피해원인을 조사하고 처방을 통해 치료한 후 지속적인 건강성을 유지토록 한다. 병해충을 방제하기 위해 약제를 살포한다. 줄기나 뿌리에 상처나 상해가 있는 부분의 외과적 처치를 한다. 토양상태를 점검하여 뿌리가 자라는 데 알맞은 토양환경을 개선한다. 위험한 가지나 필요 없는 가지를 제거한다. 위험요소를 저감시키기 위해 당김줄 및 지지대 등을 설치한다. 위험한 나무를 선정하고 제거한다. 나무가 최상의 건강상태로 자랄 수 있도록 관리 및 유지한다. 보호수의 이전, 질병 예방 및 치료, 주변 농작물 보호 등을 위한 진단·처방을 실시한다. 나무진단, 처방 및 치료에 소요되는 경비를 산출하여 설계서 및 관련 서류를 작성한다. 진단 및 치료에 필요한 다양한 장비를 사용한다. 진단, 처방 및 치료에 따른 결과와 평가항목을 보고서로 작성한다. 처방전에 표시된 농약의 명칭ㆍ용법·용량 등에 대한 문의에는 응답하여야 한다.",14년 초과 ~ 16년 이하(대졸 정도),4년 초과 ~ 10년 이하,자료 (분석) / 사람 (말하기-신호) / 사물 (정밀작업),가벼운 작업,"손사용
언어력
시각",실내·외,위험내재,조경관리유지원,"국가유산식물보호기술자, 국가유산식물보호기능자","수목보호기술자, 식물보호기사, 식물보호산업기사, 국가유산수리기술자(식물보호), 국가유산수리기능자(식물보호공), 나무의사, 수목치료기술자, 산림기술사, 산림(산업)기사, 조경(산업)기사",[1222]생명과학 시험원,[2131]생명과학 시험원,[M701]자연과학 및 공학 연구개발업,2022,-
나전칠기도장공,목재로 제작된 물건에 헝겊 등을 깔아놓고 옻칠 혹은 캐슈칠(Cashew)을 한다.,"부드러운 목재로 제작한 백골(칠과 자개세공을 하기 전의 장, 혹은 함과 같은 나전제품) 밑바탕에 천이나 종이를 전면에 붙인다. 그 위에 아교에 녹인 호분(조개껍질을 구워 만든 백분)을 나무주걱으로 문질러서 백골의 미세한 틈새를 메우고 반질반질하게 만든다. 부드러운 사포로 물을 뿌리면서 연마하여 표면을 매끄럽게 만든 후 습기를 제거한다. 삼베 천 혹은 한지를 바른다. 조개가루와 칠을 반죽하여 마른 후에 바탕칠을 하고, 마르면 닦아낸다. 사포를 사용하여 칠한 부위를 고르게 문지르고 다시 옻칠을 한다. 이런 과정을 수 회 반복한 후 자개·금속장식세공원에게 이송한다. 자개세공 작업이 끝나면 다시 옻칠(Cashew)을 여러 번 하고 자개 위의 옻칠을 조심스럽게 걷어낸다. 최종적으로 사포로 다시 갈고 광약과 부드러운 솜(탈지면)을 사용하여 광택을 낸다.",9년 초과 ~ 12년 이하(고졸 정도),2년 초과 ~ 4년 이하,자료 (분석) / 사람 (관련없음) / 사물 (정밀작업),보통 작업,"웅크림
손사용",실내,"대기환경미흡
위험내재
소음·진동","나전칠기도장원, 정재장","칠공, 정재장, 생칠장","목공예기능사, 국가유산수리기능자(칠공)",[8841]공예원,[7911]공예원,[C320]가구 제조업,2017,-
나전칠기백골원,목재나 합판을 절단하여 나전제품의 부품을 아교로 붙여 백골을 제작한다.,목공도구나 목공기계를 이용하여 제품의 설계도면에 따라 목재를 자르고 깎고 다듬는다. 곡선모양으로 제품을 재단할 때는 자동톱(루터)을 사용하고 부품 접합 시에는 접착제(본드)를 사용하여 고무줄이나 조임쇠로 조인다. 일정 시간 경과 후 접착제가 응고됐는지 확인하고 조였던 고무줄이나 조임쇠를 푼다. 접합된 부분에 밀려 나온 접착제는 물솔로 닦아내고 닦이지 않는 곳은 사포로 문지르거나 대패로 다듬어 표면을 매끈하게 한다.,9년 초과 ~ 12년 이하(고졸 정도),2년 초과 ~ 4년 이하,자료 (분석) / 사람 (관련없음) / 사물 (정밀작업),보통 작업,"웅크림
손사용",실내,"대기환경미흡
위험내재
소음·진동",백골부,-,목공예기능사,[8841]공예원,[7911]공예원,[C320]가구 제조업,2017,-
낙농장작업원,낙농장에서 젖소를 사육하고 우유를 생산하기 위한 제반 작업을 수행한다.,"송아지, 육성우, 성우의 사료급여량을 확인하고 사일로(Silo)나 창고에서 무게를 계량하여 손수레에 실어 축사로 운반하고 먹이통에 공급한다. 급수통을 관찰하여 충분한 양의 물을 공급한다. 손수레, 삽, 트랙터, 경운기 등을 사용하여 축사 내의 소똥을 청소한다. 운동장 또는 방목지로 소를 몰아 방목시킨다. 축사 내 또는 방목지에서 젖소를 관찰하여 발정, 상처, 질병 등이 발견되면 젖소사육사에게 알린다. 분만예정우, 발정우, 직장검사를 해야 할 젖소를 소무리에서 골라낸다. 분만 예정일 전에 어미소를 분만실로 옮기고 볏짚, 왕겨, 톱밥 등의 깔짚을 깔아준다. 분만 시 분만을 돕고 산후관리를 한다. 사료를 경운기나 운반용구에 실어 사일로(Silo)나 창고로 운반하여 저장한다. 낙농장의 시설물을 보수하고 장비를 점검하고 관리한다. 손이나 착유기를 사용하여 우유를 짠다.",9년 초과 ~ 12년 이하(고졸 정도),1년 초과 ~ 2년 이하,자료 (비교) / 사람 (말하기-신호) / 사물 (조작운전),보통 작업,"균형감각
웅크림",실내·외,"대기환경미흡
위험내재",-,-,-,[9021]낙농 종사원,[6131]낙농업 관련 종사원,[A012]축산업,2017,-
낙농제품충전기조작원,"발효유, 우유 등의 액상낙농제품과 분유를 포장용기(종이팩, 플라스틱병, 비닐파우치, 캔)에 충전하는 기계를 조작한다.","충전기의 각 부위를 점검하고 무균상태를 확인한다. 기계조정판에 충전할 내용물의 양, 온도, 속도 등을 입력한다. 숙성탱크에서 충전기를 통해 포장용기에 발효용액이 투입되는 상태를 점검한다. 발효용액이 용기에 담긴 후 뚜껑(Cap)으로 밀봉되는 상태를 확인한다. 컨베이어의 속도를 조절하여 충전속도의 균형을 유지한다.",9년 초과 ~ 12년 이하(고졸 정도),6개월 초과 ~ 1년 이하,자료 (비교) / 사람 (관련없음) / 사물 (유지),보통 작업,웅크림,실내,"대기환경미흡
저온
소음·진동",-,"분유충전기조작원, 발효유충전기조작원, 우유충전기조작원",-,[8859]주입·포장·상표부착기 및 기타 기계 조작원,[8990]기타 기계 조작원,[C105]낙농제품 및 식용빙과류 제조업,2016,-
낙농품냉동창고작업원,"제조된 아이스크림, 빙과제품, 발효유 등을 냉동창고에 저장·관리한다.","아이스크림, 빙과제품, 발효유 등의 낙농품이 포장되어 입고되면 제품을 종류별로 분류한다. 지게차 등을 사용하여 제품박스를 규정된 장소로 운반하여 적재한다. 입고된 제품의 종류와 수량, 입고날짜 등을 기록한 명세표를 적재한 제품의 상단에 부착한다. 수시로 온도계를 확인하고 창고 내의 제품은 제품별 숙성시간(경화)을 준수하여 출고한다. 출고된 제품의 수량을 기록하고, 재고수량과 비교·확인한다. 냉동장치의 각 부위를 점검하고 낡거나 파손된 부품을 수리하거나 교체한다.",9년 초과 ~ 12년 이하(고졸 정도),3개월 초과 ~ 6개월 이하,자료 (비교) / 사람 (관련없음) / 사물 (투입-인출),보통 작업,웅크림,실내,"대기환경미흡
저온
다습",유제품냉동창고작업원,-,지게차운전기능사,[6244]하역·적재 종사원,[9210]하역 및 적재 단순 종사원,[C105]낙농제품 및 식용빙과류 제조업,2013,-
낙농품살균원,"우유, 버터, 치즈와 기타 낙농품 제조 시 인체에 해로운 세균을 살균하고자 살균기, 냉각기 및 기타 관련 장비를 조작한다.","저장탱크, 살균기, 냉각기의 온도, 압력계기 및 배관라인의 밸브작동상태를 점검한다. 기계의 예열과 장치살균을 위하여 물을 넣고 서서히 살균온도까지 가열하여 일정 시간 순환한다. 증기밸브를 열어 살균기의 온도와 압력을 규정대로 올리고 원유저장탱크의 배출밸브를 열어 원유를 살균기로 이송한다. 펌프를 가동하여 일정한 압력으로 원유를 살균기에 주입하여 살균한다. 균질기의 압력을 일정하게 맞추고 살균된 원유를 균질한다. 펌프를 가동하여 균질된 원유를 냉각기에 통과시켜 일정한 온도로 냉각하고 저장탱크로 이송한다. 저장탱크의 밸브를 닫고 물, 알칼리용액, 산용액을 교대로 순환시켜 장치와 기계내부의 유성분을 완전히 제거한다.",9년 초과 ~ 12년 이하(고졸 정도),6개월 초과 ~ 1년 이하,자료 (수집) / 사람 (관련없음) / 사물 (제어조작),보통 작업,웅크림,실내,"고온
다습
소음·진동",-,"멸균기조작원, 순간고온살균원, 순간초고온살균원, 저온살균원",-,[8731]육류·어패류·낙농품 가공기계 조작원,[8113]육류·어패류 및 낙농품 가공 기계 조작원,[C105]낙농제품 및 식용빙과류 제조업,2016,-
낙농품원료조합반장,"요구르트, 발효유 등 낙농제품을 제조하고자 원료를 배합·균질·접종·숙성하는 데 종사하는 작업원의 활동을 감독·조정한다.","제품의 종류에 따라 배합할 종균을 점검하고 배합비를 점검한다. 가공기계, 탱크 또는 작업원의 위생상태를 점검한다. 작업내용에 따라 작업원에게 지시·배치한다. 작업의 진행사항을 파악하고 작업내용을 보고한다. 작업원의 작업상황을 관리·감독하고 기술적인 지원 및 자재를 공급한다. 작업계획에 따라 세부실행항목을 수립하고 작업절차 및 방법을 결정하여 작업원에게 작업내용을 지시하고 작업배치를 한다. 표준작업명세에 따라 지시된 작업이 이루어지는지 작업원과 함께 작업하며 작업상황을 관찰하고 작업내용을 점검한다. 작업원의 직무교육 및 안전위생교육을 통하여 직무수행능력을 향상시키고 안전재해를 예방한다. 수시면담과 관찰을 통하여 작업원의 애로점 및 건의사항을 수렴·해결하고 문제점을 보완한다.",9년 초과 ~ 12년 이하(고졸 정도),4년 초과 ~ 10년 이하,자료 (조정) / 사람 (감독) / 사물 (제어조작),보통 작업,-,실내,"고온
저온
소음·진동",-,-,"식품가공기능사, 식품산업기사",[8731]육류·어패류·낙농품 가공기계 조작원,[8113]육류·어패류 및 낙농품 가공 기계 조작원,[C105]낙농제품 및 식용빙과류 제조업,2016,-
낙농품품질검사원,"낙농품을 제조하고자 입고되는 원료나 반제품, 완제품을 각종 실험기구를 사용하여 시험·분석한다.","색도계를 사용하여 제품에 사용되는 원재료(사과즙, 포도즙, 딸기즙) 및 유제품의 색상을 측정한다. 원유에 포함되어 있는 농약 및 항생물질의 잔류검사와 원유의 지방산을 검사한다. 원유의 체세포 수를 검사하고 균질기를 사용하여 시제품을 생산한다. 적외선 또는 가시광선분광기를 사용하여 가공제품의 비타민, 철, 구리, 인 등의 광물성영양소(미네랄)를 측정한다. 프리저(Freezer:아이스크림제조 기구)를 사용하여 아이스크림을 시험생산하고 미생물을 검사한다. 시험, 분석한 자료를 정리하고 제품의 개선방법이나 신제품에 관련된 보고서를 작성한다.",12년 초과 ~ 14년 이하(전문대졸 정도),1년 초과 ~ 2년 이하,자료 (분석) / 사람 (관련없음) / 사물 (정밀작업),보통 작업,"웅크림
시각",실내,"대기환경미흡
저온",-,"발효유품질검사원, 버터품질검사원, 분유품질검사원, 아이스크림품질검사원","농산물품질관리사, 품질경영기사",[1572]식품공학 시험원,[2393]식품공학 시험원,[C105]낙농제품 및 식용빙과류 제조업,2016,-
낙인기조작원,"제작된 고무호스에 회사명, 품명, 상표 등을 인쇄하는 낙인기계를 조작한다.",완성된 호스 제품을 낙인기 하판에 투입한 후 상판의 덮개를 덮는다. 롤러 등을 이용하여 호스 제품의 먼지를 제거한 후 특정한 인쇄판을 고정구에 조인다. 낙인될 호스를 공급하기 위하여 렌치를 사용하여 가이드와 공급롤러를 조절한다. 낙인을 하고자 하는 특정 색깔의 잉크로 공급탱크를 채우고 기계를 작동한다. 손이나 호이스트를 사용하여 호스를 테이블까지 들어 올리고 호스를 공급롤러로 보낸다. 명세서대로 낙인이 되어 있는지 확인하기 위하여 호스를 검사한다.,9년 초과 ~ 12년 이하(고졸 정도),6개월 초과 ~ 1년 이하,자료 (비교) / 사람 (관련없음) / 사물 (유지),보통 작업,-,실내,"대기환경미흡
위험내재
소음·진동","인쇄기조작원, 프린팅기조작원",-,-,[8859]주입·포장·상표부착기 및 기타 기계 조작원,[8990]기타 기계 조작원,[C221]고무제품 제조업,2017,-
낚시릴조립원,낚싯대에 사용되는 낚시용 릴(Reel)의 부품들을 조립한다.,전동드라이버를 이용하여 낚시용 릴의 몸체에 각종 부속품을 나사로 고정한다. 기 조립된 로터어셈블리(Rotor Assembly)를 몸체 피니온기어(Pinion Gear)에 삽입하여 동력너트돌리개로 너트를 고정한다. 메인샤프트를 피니온기어 홀에 삽입하여 몸체 내부 오슬레이팅기어(Oscillating Gear)에 전동드라이버로 나사를 고정한다. 바디커버(Body Cover)를 전동드라이버로 고정하고 몸체 베어링 핸들을 손으로 삽입하여 핸들고정 나사를 전동드라이버로 고정한다. 랩핑기(기어조립상태 확인 및 기어비 조정용)의 좌우 회전축을 이용하여 기어상태를 검사한다. 메인샤프트(Main Shaft)축에 스풀(Spool:낚싯줄 감는 부위)을 삽입하고 드래그노브(Drag Knob:낚싯줄 장력 조절용)를 전동드라이버로 조립한다. 조립이 끝난 제품에 묻어 있는 기름을 타월로 제거하고 제품 내부에서 흘러나오는 오일류를 차단하기 위해 비닐백을 씌운다.,9년 초과 ~ 12년 이하(고졸 정도),3개월 초과 ~ 6개월 이하,자료 (수집) / 사람 (관련없음) / 사물 (수동조작),보통 작업,웅크림,실내,-,-,-,-,[8524]고무·플라스틱 제품 조립원,[8324]고무 및 플라스틱제품 조립원,[C333]운동 및 경기용구 제조업,2016,-
낚싯대경화원,낚싯대 제조 시 굴대(Mandrel)의 원단에 사용한 결합제를 접착·경화시키기 위해 고온으로 소성하는 전기로를 조작·관리한다.,전기로의 스위치를 돌린다. 굴대(Mandrel)에 도포한 낚싯대 재료의 종류에 따라 작업표준에 맞는 일정 온도로 예열한다. 이송컨베이어의 걸대에 굴대를 놓고 전기로의 온도를 확인한다. 레버를 눌러 컨베이어를 가동하고 굴대가 전기로에 투입되는 과정을 확인한다. 전기로의 출구로 소성되어 나오는 낚싯대의 견본을 채취하여 경화상태를 검사한다. 일정 온도로 냉각되면 운반통이나 작업대 위에 경화된 낚싯대를 적재한다. 경화상태가 불량인 제품을 선별하여 제거하기도 한다.,9년 초과 ~ 12년 이하(고졸 정도),6개월 초과 ~ 1년 이하,자료 (수집) / 사람 (관련없음) / 사물 (제어조작),보통 작업,웅크림,실내,-,-,-,-,[8522]플라스틱제품 생산기계 조작원,[8323]플라스틱제품 생산기 조작원,[C333]운동 및 경기용구 제조업,2016,-
낚싯대도장공,낚싯대 표면의 변색을 방지하기 위해 유색도료로 도막을 입히는 분무기를 조작한다.,"작업지시서의 배합표에 따라 배합통에 유색도료와 경화제를 넣고 주교반본으로 혼합한다. 배합된 도료를 분무탱크에 넣는다. 도장할 표면을 연마하고 약품이나 물로 세척한다. 걸대에 도장할 소재를 걸고 이동컨베이어를 가동한다. 분무기를 가동하여 하도도장을 한 후 중도도장을 한다. 건조된 도막을 연마, 세척 후 상도도장을 한다. 인쇄, 마크 등을 한 후 핸들 등을 도색하여 마무리한다. 도장한 소재를 건조시키기 위해 건조기에 넣는다. 일정 시간이 경과한 후 건조기에서 낚싯대를 꺼내어 일정 수량씩 묶는다. 수작업이 필요한 공정은 붓에 도료를 묻혀서 권사부위에 골고루 칠한다. 도료를 칠한 소재를 자연건조 시키거나 건조기 물림대에 끼워 건조한다. 도장된 상태를 검사하고 소재의 중량·명칭 등을 기록표에 기록한다.",9년 초과 ~ 12년 이하(고졸 정도),3개월 초과 ~ 6개월 이하,자료 (비교) / 사람 (관련없음) / 사물 (수동조작),보통 작업,-,실내,대기환경미흡,"낚싯대도포원, 낚싯대도장원",-,-,[8251]도장원(도장기조작원),[8421]도장기 조작원,[C333]운동 및 경기용구 제조업,2015,-
낚싯대롤링원,낚싯대를 제조하고자 굴대(Mandrel)에 부착된 원포를 단단하게 압착·성형하는 기계를 조작·관리한다.,원단과 굴대가 접착되는 부위에서 이물질을 제거한다. 기계의 온도·압력 스위치를 조정하고 이동거리 레버를 돌려 조정한다. 원포가 부착된 굴대를 기계에 올려놓고 기계가동 스위치를 누른다. 굴대(Mandrel)에 원포가 단단하게 말아지면 보조적인 원포를 감아 마무리한다. 소재에 이상이 있는지 검사하고 운반통에 담는다.,9년 초과 ~ 12년 이하(고졸 정도),1개월 초과 ~ 3개월 이하,자료 (수집) / 사람 (관련없음) / 사물 (제어조작),보통 작업,웅크림,실내,-,롤링기조작원,-,-,[8522]플라스틱제품 생산기계 조작원,[8323]플라스틱제품 생산기 조작원,[C333]운동 및 경기용구 제조업,2016,-
낚싯대수지가공원,"낚싯대 원단에 수지(PP, PET 등)를 입히기 위해 수지함침설비를 조작·관리한다.","작업지시서에 따라 수지원료(PP, PET 등)를 함침탱크에 넣고 교반기를 가동한다. 롤 상태의 유리섬유 원단에 축을 끼워 걸대에 건다. 원단의 끝을 건조로에 통과시켜 권취롤러에 일정 횟수 감는다. 함침시간 및 건조시간을 조정하고 기계를 가동한다. 배합, 건조, 온도, 비중, 함침 상태를 관찰하여 작업일지에 기록하고 원단에 꼬리표를 부착한다.",9년 초과 ~ 12년 이하(고졸 정도),3개월 초과 ~ 6개월 이하,자료 (수집) / 사람 (관련없음) / 사물 (제어조작),보통 작업,웅크림,실내,-,-,-,-,[8522]플라스틱제품 생산기계 조작원,[8323]플라스틱제품 생산기 조작원,[C333]운동 및 경기용구 제조업,2016,-
낚싯대절단원,낚싯대를 제조하고자 성형·가공된 낚싯대를 일정한 길이로 절단한다.,작업지시서에 따라 회전절단기의 칼날과 안내대의 간격을 조정하기 위해 레버를 돌린다. 절단칼날의 과열을 방지하기 위해 물을 공급하는 밸브를 돌린다. 기계가동 스위치를 조작한다. 규격에 맞게 절단되었는지 알아보기 위해 시험소재를 안내대에 밀착하고 회전하는 절단칼날을 작동시켜 절단한다. 시험소재가 가공치수와 일치하면 절단할 소재를 일정 개수 합쳐 같은 방법으로 절단한다.,9년 초과 ~ 12년 이하(고졸 정도),1개월 초과 ~ 3개월 이하,자료 (수집) / 사람 (관련없음) / 사물 (제어조작),보통 작업,웅크림,실내,-,-,-,-,[8522]플라스틱제품 생산기계 조작원,[8323]플라스틱제품 생산기 조작원,[C333]운동 및 경기용구 제조업,2016,-
낚싯대제조반장,낚싯대 및 릴을 제조하는 데 종사하는 작업원의 활동을 감독·조정한다.,제조하고자 하는 낚싯대의 생산계획을 세운다. 원료와 생산설비를 점검한다. 작업계획에 따라 세부실행항목을 수립하고 작업절차 및 방법을 결정하여 작업원에게 작업내용을 지시하고 작업배치를 한다. 함께 작업하며 작업의 진행상황을 파악하고 작업내용을 상부에 보고한다. 작업원의 작업상황을 관리·감독하고 기술적인 지원 및 자재를 공급한다. 작업표준에 따라 지시된 작업이 이루어지는지 확인한다. 작업원의 직무교육 및 안전위생 교육을 통하여 직무수행능력을 향상시키고 안전재해를 예방한다. 수시면담과 관찰을 통하여 작업원의 애로점 및 건의사항을 수렴·해결하고 문제점을 보완한다.,9년 초과 ~ 12년 이하(고졸 정도),4년 초과 ~ 10년 이하,자료 (조정) / 사람 (감독) / 사물 (제어조작),보통 작업,웅크림,실내,-,-,-,-,[8522]플라스틱제품 생산기계 조작원,[8323]플라스틱제품 생산기 조작원,[C333]운동 및 경기용구 제조업,2016,-
낚싯대조립원,낚싯대를 제조하고자 손잡이·릴시트·캡 등 낚싯대 부품을 조립한다.,작업표준을 보면서 연필로 부품의 접착 위치를 표시한다. 접착부분에 접착제를 칠하고 부품을 부착한다. 조립순서에 따라 손잡이·릴시트·캡 등을 조립하고 유동을 방지하기 위해 실을 감는다. 낚싯대 표면을 왁스로 닦는다.,9년 초과 ~ 12년 이하(고졸 정도),6개월 초과 ~ 1년 이하,자료 (수집) / 사람 (관련없음) / 사물 (수동조작),보통 작업,웅크림,실내,-,-,-,-,[8524]고무·플라스틱 제품 조립원,[8324]고무 및 플라스틱제품 조립원,[C333]운동 및 경기용구 제조업,2016,-
난독증학습장애지도사,난독증으로 학습에 장애가 있는 학생들이 학업을 수행할 수 있도록 학습과정을 설계하고 학습자료를 준비하도록 돕는다.,"K-WISC-lll 지능검사와 기초학습기능검사 등을 통해 난독증학습장애를 진단한다. 난독증학습장애 학생의 부모나 교사 등에게 난독증에 관한 정보를 제공하고 대응방법을 교육한다. 뇌가 유연한 상태에서 문제가 있는 미세한 뇌기능적 부분이 발달할 수 있도록 언어치료적 접근, 신경생리학적 접근, 심리정서적 접근 등 다양한 방법으로 학습자료를 개발하고 지도한다.",14년 초과 ~ 16년 이하(대졸 정도),1년 초과 ~ 2년 이하,자료 (분석) / 사람 (교육) / 사물 (관련없음),가벼운 작업,언어력,실내,-,-,-,-,[2149]기타 문리·기술 및 예능 강사,[2549]기타 문리·기술 및 예능 강사,[P856]기타 교육기관,2015,-
날염물검사원,"얼룩, 오염, 불규칙한 색조 등의 결함에 대하여 날염 작업과정 또는 증열, 수세, 건조 후 날염 등을 검사한다.","날염 제품별 도안을 확인한다. 날염기에서 나오는 또는 증열, 수세 건조된 날염물을 관찰하고 결함을 조사한다. 도안의 색조 및 위치를 확인하기 위해 날염된 천을 견본 규격과 비교한다. 발견된 결함을 기록표에 기록한다.",9년 초과 ~ 12년 이하(고졸 정도),3개월 초과 ~ 6개월 이하,자료 (비교) / 사람 (관련없음) / 사물 (수동조작),가벼운 작업,-,실내,대기환경미흡,-,-,염색기능사(날염),[8613]표백·염색기 조작원,[8212]표백 및 염색 관련 기계 조작원,"[C134]섬유제품 염색, 정리 및 마무리 가공업",2016,-
날염시험원,"직물에 날염하여 요구하는 색상을 내기 위해 색소를 배합하고 염료, 안료, 호제, 약제 등을 처방하여 자료를 작성한다.","견본 색상을 구현하도록 염료, 안료 및 시험도구들을 준비한다. 견본 디자인이나 색상에 따라 천의 종류, 날염기법, 염색방법 등을 결정한다. 날염에 관한 지식을 응용하여 염료 및 도료를 조제한다. 증열 및 세척방법 등에 따라 염색시험을 반복한다. 견본 디자인이나 색상과 일치하는 염색방법 및 순서에 관한 자료를 정리하고 배색순서, 날염틀 번호, 섬유의 종류 등이 명시된 공정표를 작성한다.",14년 초과 ~ 16년 이하(대졸 정도),2년 초과 ~ 4년 이하,자료 (분석) / 사람 (관련없음) / 사물 (정밀작업),보통 작업,-,실내,대기환경미흡,"배색원, 배합사, 염료조색원, 염료배색원, 칼라매칭원",-,"섬유기술사, 섬유기사, 섬유산업기사",[1562]섬유공학 시험원,[2394]섬유공학 시험원,"[C134]섬유제품 염색, 정리 및 마무리 가공업",2016,-
날염제도사,스크린 날염공정에서 직물에 무늬를 넣기 위하여 제시된 디자인을 제도필름 위에 제도잉크나 테이프 등을 사용하여 그린다.,"주문된 제품의 작업지시서와 도안의 디자인과 색상을 검토하여 날염방법을 결정한다. 소요되는 색상을 색분해에 따라 제도도수를 결정한다. 날염방법에 따른 스크린 무늬의 반복거리를 산정하고 다른 색상 사이의 중복되는 크기, 면적, 선 등의 굵기를 결정한다. 제도도수와 같은 필름을 준비하고 필름에 제도용 잉크나 제도용 테이프 등을 사용하여 무늬를 그려 넣는다. 반복되는 무늬의 크기에 따라 제도된 필름을 제도복사기로 복사하여 날염틀에 들어갈 전체 무늬를 조립한다. 조립한 필름을 주문 디자인과 비교·확인하여 검토한다.",9년 초과 ~ 12년 이하(고졸 정도),2년 초과 ~ 4년 이하,자료 (수집) / 사람 (관련없음) / 사물 (제어조작),보통 작업,손사용,실내,대기환경미흡,-,-,염색기능사,[1591]제도사,[2395]제도사,"[C134]섬유제품 염색, 정리 및 마무리 가공업",2012,-
날염판제작원,형틀과 날염용 스크린(Screen)을 접착하여 날염용 형틀을 제작한다.,디자인된 도안을 OHP필름에 복사한다. 솔이나 분무기를 이용하여 형틀 위의 스크린에 감광액을 균일하게 칠하여 바른 후 건조한다. 감광대 위에 작업된 OHP필름을 올려놓고 스크린판을 밀착시켜 감광한다. 물호스와 스프레이를 이용하여 필요없는 부분을 세척하여 제거한다. 날염무늬가 완성되면 연속날염을 할 수 있도록 수지를 칠하여 막을 보강한다. 제판이 완료되면 원하는 색도와 무늬가 이루어졌는지 종이 위에 인쇄하여 검사한다.,12년 초과 ~ 14년 이하(전문대졸 정도),6개월 초과 ~ 1년 이하,자료 (비교) / 사람 (관련없음) / 사물 (수동조작),보통 작업,웅크림,실내,대기환경미흡,"나염판제작원, 사제작원, 스크린제작원, 제판원",-,염색기능사(날염),[8613]표백·염색기 조작원,[8212]표백 및 염색 관련 기계 조작원,"[C134]섬유제품 염색, 정리 및 마무리 가공업",2016,-
날염호조액원,날염에 사용되는 날염호를 제조하고자 염료와 조제를 계량하고 조액한다.,작업지시서를 확인하고 일정량의 염료나 안료를 계량한다. 혼합기를 사용하여 염료와 함께 고점도의 풀인 원호와 염료수 용액을 첨가하여 혼합하고 여과포나 여과장치를 사용하여 덩어리와 이물질을 제거한다. 피염물에 날염호를 바르고 표준색과 비교한다. 제시된 색상과 차이가 발생하면 염료와 원호를 이용하여 색상을 수정한다. 염료의 혼합·여과과정을 자동으로 처리하는 장비를 조작하기도 한다.,9년 초과 ~ 12년 이하(고졸 정도),6개월 초과 ~ 1년 이하,자료 (비교) / 사람 (관련없음) / 사물 (수동조작),보통 작업,-,실내,-,-,-,염색기능사(날염),[8613]표백·염색기 조작원,[8212]표백 및 염색 관련 기계 조작원,"[C134]섬유제품 염색, 정리 및 마무리 가공업",2016,-
납땜수정원,불합격된 인쇄회로 기판에 조립된 전자부품의 선을 절단하거나 납땜이 되지 않은 부위에 납땜을 하고 불량으로 판정된 기판을 모아 작업장소로 이동한다.,"작업지도표를 보고 공정의 위치를 확인한다. 자동으로 삽입되거나 검사과정에서 불합격된 인쇄회로 기판에 삽입되지 않은 콘덴서, 집적회로, 트랜지스터 등 전자부품을 삽입한다. 니퍼를 사용하여 절단되지 않은 기판이면 부위의 선을 절단하거나 납땜이 되지 않은 부위에 납땜공구를 사용하여 납땜한다. 완성된 기판을 검사지그에 올리고 계측기기를 사용하여 동작상태·기능상태 등을 파악하여 불량품을 선별한다. 오삽입·미삽입 등 잘못된 부품을 수정·땜납·삽입한 다음 전자부품을 자동으로 삽입하는 기계에서 잘못 삽입된 기판, 자동납땜공정에서 납땜되지 않은 기판, 검사공정에서 불합격된 기판, 수삽공정에서 불량으로 판정된 기판을 모아 작업장소로 이동한다.",9년 초과 ~ 12년 이하(고졸 정도),6개월 초과 ~ 1년 이하,자료 (비교) / 사람 (관련없음) / 사물 (수동조작),아주 가벼운 작업,손사용,실내,대기환경미흡,"기판수리원, PCB후가공원, 리터치(Retouch)원",,,[8360]전기·전자 부품·제품 조립원,[8640]전기·전자 부품 및 제품 조립원,[C262]전자부품 제조업,2023,
납땜원,인두와 각종 납을 사용하여 금속 및 금속제품의 부품을 결합한다.,납땜공구와 재료를 준비한다. 공작물과 납땜인두를 화학용액에 담그거나 와이어브러시와 사포로 녹·도료·기름 등의 불순물을 제거한다. 공작물을 고정구에 놓거나 작업대의 지정된 위치에 올려놓는다. 납땜인두를 가열하고 납땜할 접합부를 밀착한다. 납땜부위 전체를 고르게 가열한다. 나무 또는 철사 등으로 용제를 찍어 접합부에 바른다. 가열된 납땜인두를 접속부분에 대고 접합선을 따라 인두와 납을 움직인다. 납땜작업이 완료되면 땜납이 완전히 굳었는가를 확인하고 납땜부위를 깨끗이 닦아낸다.,9년 초과 ~ 12년 이하(고졸 정도),6개월 초과 ~ 1년 이하,자료 (비교) / 사람 (관련없음) / 사물 (수동조작),가벼운 작업,-,실내·외,-,,"경납접원, 연납접원",,[8241]용접원,[7430]용접원,[C262]전자부품 제조업,2023,
납제련원,납광석으로부터 납을 추출하여 고순도의 납을 제조한다.,"납광석을 용광로 제련에 적합하도록 괴상으로 만들고, 휘발성 성분을 제거하기 위하여 소결로에서 소결한다. 소결광을 연료와 코크스, 용제로서 석회석 등을 가하여 용광로에 투입하고 송풍하여 납을 제조한다. 이를 건식제련 또는 전해정련을 거쳐 고순도의 납을 제조한다.",9년 초과 ~ 12년 이하(고졸 정도),4년 초과 ~ 10년 이하,자료 (수집) / 사람 (관련없음) / 사물 (제어조작),보통 작업,-,실내,"대기환경미흡
위험내재
고온
다습",비철제련기술자,금속제련기술사,,[8211]금속가공 제어장치 조작원,[8414]금속가공 관련 제어 장치 조작원,[C242]1차 비철금속 제조업,2023,
내과전문의사,인체 내부기관의 질병 및 장애를 진단하고 치료한다.,"소화나 호흡, 신장 등 인체 내부기관에 질병이 발생하거나 선·후천적 이상증상이 있는 환자를 진단하기 위하여 진찰하고, 방사선촬영 및 혈액검사를 지시한다. 검진결과에 따라 치료를 위한 처방을 수행하며 환자의 증상에 따른 식이요법 및 생활방식 등에 관하여 조언한다.",16년 초과(대학원 이상),4년 초과 ~ 10년 이하,자료 (조정) / 사람 (자문) / 사물 (정밀작업),가벼운 작업,손사용,실내,-,내과의사,"감염내과전문의사, 소화기내과전문의사, 순환기내과전문의사, 내분비내과전문의사, 류마티스내과전문의사, 신장내과전문의사, 알레르기내과전문의사, 혈액종양내과전문의사, 호흡기내과전문의사","의사, 내과전문의",[3011]전문 의사,[2411]전문 의사,[Q861]병원,2017,-
내레이션강사,"내레이션모델 및 내레이터 지망생, 텔레마케터, 발음교정자 등에게 발음법, 발성법, 음성조절법, 문장인용법, 문장작성법 등을 지도한다.","내레이터 지망생 등 피교육자의 언어습관을 관찰한 후 장·단점을 파악하여 교육방향을 수립한다. 발견된 피교육자의 장점은 발전될 수 있도록 지도하고 단점은 교정방향을 검토하여 지도·교육한다. 피교육자에게 발음, 발성, 문장표현 및 인용, 호흡법 등을 보여준다. 반복을 통하여 자신 있게 문장을 표현할 수 있도록 지도한다. 마이크사용법, 자기표현법 등 다양한 기술을 지도한다. 최종시험을 통하여 합격 여부를 판정한다.",12년 초과 ~ 14년 이하(전문대졸 정도),2년 초과 ~ 4년 이하,자료 (분석) / 사람 (교육) / 사물 (관련없음),가벼운 작업,언어력,실내,-,나레이션강사,-,-,[2144]예능 강사,[2544]예능 강사,[P856]기타 교육기관,2012,-
내레이터모델,"전시회, 판촉행사, 신제품설명회, 박람회, 경기장 및 국제회의 등 행사장에서 행사진행에 필요한 서비스를 하거나 상품이나 기업 설명을 한다.","걸음걸이(Walking), 화장술(Make-up), 자세(Pose), 화법(내레이션기술), 사진촬영자세, 문장인용 및 문장작성 등 행사의 진행도움에 필요한 다양한 교육을 사전에 받는다. 행사도우미관리자의 지시사항에 따라 진행내용을 숙지한다. 행사에 필요한 유니폼 및 장식물을 받아 전시회, 판촉행사, 신제품 설명회 등 각종 행사모임에서 상품, 기업 및 행사주최 측의 이미지 등을 설명한다. 식순에 따라 행사참석자를 안내하기도 한다.",9년 초과 ~ 12년 이하(고졸 정도),1년 초과 ~ 2년 이하,자료 (수집) / 사람 (서비스 제공) / 사물 (관련없음),보통 작업,-,실내·외,-,"나레이터모델, 행사도우미, 안내모델","상품홍보원, 의전도우미, 엑스포도우미, 캠페니언",-,[6171]홍보 도우미 및 판촉원,[5323]홍보 도우미 및 판촉원,[N759]기타 사업지원 서비스업,2013,-
내비게이션도로조사원,도로조사장비를 이용하여 도로에서 도로데이터를 취득한다.,"조사계획에 따라 조사할 도로와 관성측정장치, 카메라 등 측정장치의 이상 유무를 확인한다. 도로조사장비(Mobile Mapping System)를 통해 실제 도로를 주행하며 정밀도와 정확도가 뛰어난 고정밀 데이터를 취득한다. 취득한 데이터를 내비게이션도로조사후처리원에게 넘긴다.",14년 초과 ~ 16년 이하(대졸 정도),2년 초과 ~ 4년 이하,자료 (수집) / 사람 (말하기-신호) / 사물 (수동조작),가벼운 작업,-,실내·외,-,-,-,-,[1406]측량·지리정보 전문가,[2316]측량 및 지리 정보 전문가,[M729]기타 과학기술 서비스업,2017,-
내비게이션도로조사후처리원,취득된 도로데이터를 처리하여 개체를 추출한다.,"고정밀 도로데이터를 입력한다. 입력된 데이터에서 객체를 추축하고 흑백의 레이저 영상이미지를 생성한다. 생성된 이미지에서 차선, 표지판, 도로연석 등의 추출한 객체를 속성값으로 가공한다. 가공된 값을 데이터베이스 형식으로 변환하여 정밀지도를 완성한다.",14년 초과 ~ 16년 이하(대졸 정도),2년 초과 ~ 4년 이하,자료 (수집) / 사람 (말하기-신호) / 사물 (제어조작),가벼운 작업,-,실내,-,-,-,-,[1331]시스템 소프트웨어 개발자,[2222]시스템 소프트웨어 개발자,[J582]소프트웨어 개발 및 공급업,2017,-
내비게이션항법지도개발자,차량에서 사용되는 내비게이션지도를 개발한다.,"대한민국 표준전자지도 전도와 실사 실측한 자료를 비교·확인한다. 개발되는 내비게이션에 따라 주요 모듈 및 응용프로그램을 개발한다. 디스플레이, 안내, 검색, 사용자 인터페이스 등을 개발한다. 개발된 응용프로그램이 실제주행 시 작동하는지 테스트한다.",14년 초과 ~ 16년 이하(대졸 정도),2년 초과 ~ 4년 이하,자료 (종합) / 사람 (말하기-신호) / 사물 (제어조작),가벼운 작업,-,실내,-,-,-,-,[1331]시스템 소프트웨어 개발자,[2222]시스템 소프트웨어 개발자,[J582]소프트웨어 개발 및 공급업,2017,-
내선반장,"주택, 공장 및 기타 건축물에 옥내전선공사를 하는 내선전공의 활동을 감독·조정한다.",전기배선도면을 검토하고 작업상황을 파악하여 작업 계획을 세운다. 전선 및 부속자재의 규격과 수량을 확인한다. 내선전공을 작업현장에 배치하고 작업을 지시한다. 작업상황을 감독하고 조정한다. 회선의 단락·저항 및 배선상의 결함 등을 검사한다. 수시 관찰과 면담을 통하여 작업원의 애로사항 및 건의사항을 수렴·해결하고 문제점을 보고한다.,9년 초과 ~ 12년 이하(고졸 정도),4년 초과 ~ 10년 이하,자료 (조정) / 사람 (감독) / 사물 (정밀작업),보통 작업,웅크림,실내·외,"대기환경미흡
위험내재
소음·진동","건축전기반장, 건물전기공사반장",-,"전기기능사, 전기공사산업기사, 전기공사기사",[8312]내선 전기공,[7622]내선 전기공,[F423]전기 및 통신 공사업,2014,-
내선전공,"주택, 공장 및 기타 건축물에 전기를 공급하기 위해 전선 및 케이블을 배선하고 각종 전기시설물을 설치·보수한다.","옥내배선도나 도면을 확인하고 수용가옥 구조, 구조물 내부상태, 배전선로 위치 등을 파악한다. 배선을 위해 슬래브배관, 노출배관, 벽체배관, 수변전, 분전반, 덕트 등의 배관 및 장치물을 설치한다. 배관을 따라 전선을 인입하고 인출하여 결선한다. 배선루트를 따라 전선관을 설치하고 전선을 입선 및 가선한다. 옥내 배전선과 인입구까지 연결되어 있는 인입선을 케이블로 연결하고 차단기를 설치한다. 건물 내 조명, 콘센트, 스위치, 기구 등의 설비물을 설치하고 인출선에 연결한다. 접지선을 연결하여 땅에 묻는다. 배전함을 가공·설치하고, 전선이나 전선관 보호를 위한 몰드를 설치한다. 회선단락, 저항, 배선상의 결함을 검사하고 전류를 투입하여 시험한다.",9년 초과 ~ 12년 이하(고졸 정도),2년 초과 ~ 4년 이하,자료 (수집) / 사람 (말하기-신호) / 사물 (정밀작업),보통 작업,웅크림,실내·외,"대기환경미흡
위험내재
소음·진동","건축전기원, 건물전기공사원, 건물전기배선원","대상에 따라 아파트전기공사원, 공장전기공사원, 인테리어전기원, 소방전기원, 플랜트전기공사원","전기기능사, 전기공사산업기사, 전기공사기사",[8312]내선 전기공,[7622]내선 전기공,[F423]전기 및 통신 공사업,2014,-
내선전공보조원,옥내전선공사 작업을 하는 내선전공의 업무를 보조한다.,"주택, 공장, 빌딩 등의 옥내배관, 배선 및 등기구류 설비를 시공·보수하는 내선전공의 업무를 보조한다. 배관에 사용되는 금속관이나 합성수지관을 절단하고, 나사내기 및 덕트의 금속판을 절단한다.",9년 초과 ~ 12년 이하(고졸 정도),6개월 초과 ~ 1년 이하,자료 (비교) / 사람 (관련없음) / 사물 (단순작업),보통 작업,웅크림,실내·외,"대기환경미흡
위험내재
소음·진동","건축전기보조원, 건물전기공사보조원",-,전기기능사,[8312]내선 전기공,[7622]내선 전기공,[F423]전기 및 통신 공사업,2014,-
내열구조세라믹소재기술자,내열구조소재 기술을 개발하고 생산공정에 적용한다.,"내열구조세라믹 생산에 필요한 접합기술(세라믹-금속 접합, 세라믹-세라믹 접합 관련 기술, 접합체와 기계적 접합, 메탈라이징, 공정접합법, 활성금속법, 고압주조접합법, 고상접합법), 가공기술(소성 후 변형제어, 표면 조도 및 결함제거를 위한 절단, 연마, 방전가공, 그린가공기술), 특성평가기술(제조된 세라믹 소재 또는 제조공정평가를 위한 입도, 비표면적, 열전도도, 강도, 경도, 인성, 내마모성 등을 평가하는 기술)을 연구·개발한다. 개발기술을 토대로 생산공정계획을 수립하고 적용한다.",14년 초과 ~ 16년 이하(대졸 정도),2년 초과 ~ 4년 이하,자료 (종합) / 사람 (관련없음) / 사물 (설치),가벼운 작업,-,실내,-,,,세라믹기술사,[1521]금속·재료공학 기술자 및 연구원,[2331]금속·재료 공학 연구원 및 기술자,"[C232]내화, 비내화 요업제품 제조업",2023,
내열구조세라믹소재성형원,"내열구조 세라믹 제품을 제조하기 위해 사출성형, 가압성형, 주입성형, 냉간정수압성형 작업을 수행한다.","원료배합, 혼합, 분산 작업표준에 따라 윤활제(사출이 원활하게 진행되도록 마찰을 감소시키는 역할을 하는 첨가제), 결합제(사출된 제품이 서로 분리되지 않고 한 덩어리를 유지할 수 있도록 돕는 첨가제)의 종류와 첨가량을 확인한다. 성형체 상태의 특성 결정 요소를 확인한다. 작업표준에 의해 사출성형(점성을 가진 원료를 희망하는 형상을 가진 틀 안에 압력을 가해 채우는 성형과정)공정, 가압성형공정, 주입성형공정(물 등의 액체에 세라믹스분말을 분산시킨 현탁액을 석고에 부었을 때 액체가 제거되면서 분말이 석고표면에 쌓이는 현상을 이용하는 성형법. 원하는 목적물의 음각형상을 미리 석고로 제작하여 성형에 이용), 냉간정수압 성형(물 등의 유체를 이용해 분말 성형체에 고르게 압력을 가하는 기술로서 성형체가 균질하고 높은 밀도 분포를 가짐) 공정 작업을 수행한다.",9년 초과 ~ 12년 이하(고졸 정도),6개월 초과 ~ 1년 이하,자료 (비교) / 사람 (관련없음) / 사물 (제어조작),가벼운 작업,"손사용
시각",실내,"위험내재
고온",,,,[8269]기타 비금속제품 생산기계 조작원,[8439]기타 비금속제품 관련 생산기 조작원,"[C232]내화, 비내화 요업제품 제조업",2023,
내열구조세라믹재료가공원,내열구조 세라믹 제조공정에서 도면에 따라 반제품을 치수에 맞게 가공한다.,"작업표준서 및 도면에 따라 피가공물의 작업순서를 결정하고 가공방법을 결정한다. 절삭공구, 연마공구, 절삭유, 세척용액, 연마용품, 측정용 공구를 준비한다. 절삭가공, 연마가공, 표면처리 등의 방법으로 가공한다.",9년 초과 ~ 12년 이하(고졸 정도),6개월 초과 ~ 1년 이하,자료 (비교) / 사람 (관련없음) / 사물 (수동조작),보통 작업,"손사용
시각",실내,-,,,,[8269]기타 비금속제품 생산기계 조작원,[8439]기타 비금속제품 관련 생산기 조작원,"[C232]내화, 비내화 요업제품 제조업",2023,
내열구조세라믹재료세정원,"내열구조 세라믹 제조과정에서 건식세정, 습식세정을 통해 불필요한 부산물 및 이물질을 제거하고 포장한다.","작업표준서에 따라 세정할 품목과 수량을 확인한다. 저울, 세정기, 건조기, 포장기, 세정액, 증류수(탈이온수), 포장지를 준비한다. 세정조건에 따라 적합한 장비를 선정하고 최종제품의 표면상태 요구조건을 확인한다. 세정기, 건조기를 사용하여 세정한다. 세정된 제품이 오염되지 않도록 포장한다.",9년 초과 ~ 12년 이하(고졸 정도),6개월 초과 ~ 1년 이하,자료 (비교) / 사람 (관련없음) / 사물 (수동조작),보통 작업,"손사용
시각",실내,대기환경미흡,,,,[8269]기타 비금속제품 생산기계 조작원,[8439]기타 비금속제품 관련 생산기 조작원,"[C232]내화, 비내화 요업제품 제조업",2023,
내열구조세라믹재료소결원,내열구조 세라믹 제조공정에서 성형체에 열을 가해 최종 제품을 생산하는 소결작업을 수행한다.,"작업표준서에 따라 소결조건, 소결방법을 결정하고 작업계획을 수립한다. 소결방법에 따라 상압소결(소결 분위기가 일반 대기 분위기), 가압소결(성형체 또는 1차 소결체에 압력을 가해주는 공정으로 형체에 압력을 가해주면서 소결하는 Hot Pressing 또는 1차 소결체에 압력을 가하면서 소결하는 Hot Isostatic Pressing 공법), 분위기 소결(소결 분위기가 일반 대기가 아닌 특정 가스 분위기), 진공 소결(진공 펌프를 이용하여 소결로의 분위기를 진공 상태로 함) 공정을 수행한다. 작업결과를 기록하고 보고서를 작성한다.",9년 초과 ~ 12년 이하(고졸 정도),6개월 초과 ~ 1년 이하,자료 (비교) / 사람 (관련없음) / 사물 (제어조작),보통 작업,"손사용
시각",실내,"위험내재
고온",,,,[8269]기타 비금속제품 생산기계 조작원,[8439]기타 비금속제품 관련 생산기 조작원,"[C232]내화, 비내화 요업제품 제조업",2023,
내열구조세라믹재료품질관리원,"수요자의 요구에 적합한 품질의 내열구조 세라믹소재를 합리적으로 생산하기 위해 수입검사, 공정검사, 출하검사를 수행한다.",수입검사를 하여 원자재 또는 부자재의 적합 유무를 판단한다. 원재료의 성적서를 확인한다. 원재료의 특성을 파악하고 공정 투입 여부를 결정한다. 수입검사기록을 작성한다. 공정검사를 하여 제품생산공정이 진행 중인 자재 및 기기의 적합 유무를 판단한다. 공정이 진행 중인 제품의 적합 유무를 판단한다. 부적합품을 관리한다. 공정검사보고서를 작성한다. 출하검사를 하여 완제품의 출하 적합 여부를 판단한다. 분석·검사장비의 검교정을 실시하거나 전문업체에 의뢰하여 관리한다.,14년 초과 ~ 16년 이하(대졸 정도),2년 초과 ~ 4년 이하,자료 (분석) / 사람 (관련없음) / 사물 (정밀작업),가벼운 작업,-,실내,-,,,"품질관리기술사, 품질경영기사, 품질경영산업기사, 세라믹기술사",[1522]금속·재료공학 시험원,[2332]금속 및 재료 공학 시험원,"[C232]내화, 비내화 요업제품 제조업",2023,
내열구조소재재료혼합원,"내열구조 세라믹을 제조하기 위해 원료혼합, 혼합분말의 특성 확인, 과립제조 작업을 수행한다.","선별된 원료 분말의 특성을 확인하고 제품 생산에 적합한지 판단한다. 원료 혼합기의 종류, 용량, 가동범위를 파악한다. 작업지시서에 따라 혼합기를 조립, 운전, 분해, 청소한다. 원료혼합공정을 진행한다. 원료의 특성분석 보고서를 토대로 혼합분말 특성을 확인한다. 작업지시서에 따라 분말과립화(분말을 일정한 크기의 입자로 만드는 과정. 세립, 과립, 정제 제조의 중간형태의 공정. 건식과립법, 습식과립법, 분무과립법 등) 공정작업을 수행한다. 공정수행결과를 일지에 기록하고 제조된 과립의 특성을 평가한다.",9년 초과 ~ 12년 이하(고졸 정도),6개월 초과 ~ 1년 이하,자료 (수집) / 사람 (관련없음) / 사물 (정밀작업),보통 작업,"손사용
시각",실내,-,,,,[8269]기타 비금속제품 생산기계 조작원,[8439]기타 비금속제품 관련 생산기 조작원,"[C232]내화, 비내화 요업제품 제조업",2023,
내장목공,"건축물 내부의 장식, 방음, 실용성 제고를 목적으로 목재를 이용하여 방음설비 및 마루, 칸막이, 천정, 목(木)장식품 등을 제작하고 설치한다.","도면을 검토하여 필요한 목재의 종류, 기 제작된 목제품 등을 확인한다. 자, 톱, 대패, 끌 등 전동공구 및 수동공구를 사용하여 합판, 인조벽판, 목재 등을 재단하거나 절단한다. 가공 목재를 못, 맞춤편, 접착제 등을 사용하여 조립한다. 목부재의 외면을 연마기 또는 대패를 사용하여 고르게 다듬는다. 이음매의 빈틈을 제거하기 위하여 초지 등의 재료를 이용하여 틈 사이에 바른다. 내장설비의 실용성과 미관을 고려하여 가공된 목재를 설치할 장소에 접착제, 드릴, 맞춤편, 타정공구 등을 이용하여 설치한다. 표준명세의 규격과 일치하는지 검사한다.",9년 초과 ~ 12년 이하(고졸 정도),4년 초과 ~ 10년 이하,자료 (수집) / 사람 (말하기-신호) / 사물 (정밀작업),보통 작업,"균형감각
웅크림",실내,"대기환경미흡
위험내재
소음·진동","내장공, 인테리어목공, 인테리어목공시공원, 인테리어치장목공, 내장목공기능원, 목수","하는 일에 따라 장식목공, 보수목공, 초벌목공",건축목공기능사,[7016]건축 목공,[7824]건축 목공,[F424]실내건축 및 건축마무리 공사업,2014,-
내장재가공원,"건축용 보드, 보온·단열재, 기타 석면제품의 절단·천공·홈가공·연삭·가압 등의 가공작업을 수행한다.","작업표준 또는 설계도의 내용을 파악하여 가공방식과 작업순서 등을 결정한다. 석면가공 시 마스크를 착용한다. 작업에 필요한 기계와 공구를 준비하고 상태를 점검한다. 톱가공, 절단가공, 천공작업, 홈가공, 연삭작업, 가압성형작업 등 가공기술을 사용하여 작업표준서의 규격과 형태로 가공한다. 가공품의 규격과 형상을 작업표준과 비교·확인한다. 가압성형작업의 경우 작업물이 적재된 대차를 프레스에 밀어 넣고 압력을 가하여 작업한다.",9년 초과 ~ 12년 이하(고졸 정도),6개월 초과 ~ 1년 이하,자료 (비교) / 사람 (관련없음) / 사물 (수동조작),보통 작업,-,실내,"대기환경미흡
위험내재",-,"내장재연삭원, 내장재절단원, 내장재천공원, 내장재가압원",-,[8263]시멘트·광물제품 생산기계 조작원,[8433]시멘트 및 광물제품 제조기 조작원,[C239]기타 비금속 광물제품 제조업,2015,-
내장재도료배합원,내장재 도장에 필요한 도료를 제조하기 위해 원료를 배합하고 교반한다.,"작업지시서에 따라 배합에 필요한 도료와 부자재를 준비한다. 준비된 원자재(도료), 부자재(물, 중점제, 분산제, 안료)를 정량공급장치로 계량하여 교반기에 투입한다. 교반기를 작동하여 일정 시간 교반한다. 교반상태를 육안으로 확인하고, 압송장비의 압력을 확인한 후 파이프라인으로 도장부서의 저장탱크로 보내거나 통에 받아 사용장소로 운반한다. 도료사용량을 산출하고 작업일지에 기록한다. 교반기의 내부를 세척한다.",9년 초과 ~ 12년 이하(고졸 정도),1년 초과 ~ 2년 이하,자료 (수집) / 사람 (관련없음) / 사물 (유지),보통 작업,-,실내,"대기환경미흡
소음·진동",-,"기포콘크리트배합원, 특수도료배합원",-,[8512]화학물 가공장치 조작원,[8312]화학물 가공 장치 조작원,[C239]기타 비금속 광물제품 제조업,2016,-
내장재도장공,무늬기계를 통과한 내장재에 도료를 도포하기 위하여 도장기계를 조작·관리한다.,작업지시서에 따라 도료 및 연화제를 준비하고 도료혼합기를 가동한다. 압력펌프의 작동스위치를 조작하여 도장기계의 호퍼에 정량의 도료를 공급한다. 도장할 내장재 표면의 이물질을 제거하여 도장면을 깨끗이 한다. 도장기계를 가동시키고 내장재를 투입하여 도장을 한다. 도장물을 건조실로 이송하고 도장상태를 확인하고 결함이 있으면 결함부분 수정용 도료로 수정한다. 도장작업이 완료된 내장재를 다음 공정으로 운반하기 위하여 적재판에 적재한다.,9년 초과 ~ 12년 이하(고졸 정도),1년 초과 ~ 2년 이하,자료 (비교) / 사람 (관련없음) / 사물 (제어조작),보통 작업,-,실내,"대기환경미흡
위험내재
소음·진동",내장재도장원,-,-,[8251]도장원(도장기조작원),[8421]도장기 조작원,[C239]기타 비금속 광물제품 제조업,2015,-
내장재무늬기계조작원,가로 또는 세로로 재단된 내장재 반제품에 프레스(Press)를 이용하여 무늬를 성형하는 기계를 조작한다.,"작업지시서에 따라 성형할 무늬에 맞는 롤러로 교체한다. 종·횡으로 재단된 반제품을 컨베이어에 올려놓는다. 스위치를 조작하여 무늬롤러를 회전하고, 성형품을 무늬롤러에 통과시킨다. 롤러를 통과한 반제품의 상태를 파악하고, 이상이 있으면 롤러의 속도, 압력, 마찰강도를 조정한다. 무늬가 형성된 제품의 표면을 종·횡면취기를 사용하여 면취(Chamfer)되도록 스위치를 조작한다. 면취상태를 파악하여 이상 시 면취기를 상·하 또는 좌·우로 이동하여 적절히 맞춘다. 시운전이 완료되면 연속해서 작업한다. 무늬롤러가 마모되었을 경우 교환한다. 면취연마석이 마모된 경우 연마석을 교환한다. 무늬성형된 제품의 수량을 확인하고 적재하여 도장공정으로 이송한다.",9년 초과 ~ 12년 이하(고졸 정도),1년 초과 ~ 2년 이하,자료 (비교) / 사람 (관련없음) / 사물 (수동조작),보통 작업,-,실내,"대기환경미흡
소음·진동",-,-,-,[8264]광석·석제품 생산기계 조작원,[8434]광석 및 석제품 가공기 조작원,[C239]기타 비금속 광물제품 제조업,2015,-
내장재배합원,내장재 생산을 위해 원료를 배합·혼합·교반한다.,"내장재 원료인 석면·펄프·시멘트를 수령하여 작업대로 운반한다. 정량분배기에 원료를 투입하고 수치를 입력하여 펄프제조기에 공급한다. 펄프제조기(Pulper)를 작동하고 석면과 펄프, 시멘트를 배합비에 따라 투입하여 혼합한다. 원료의 혼합이 완료되면 펄프제조기의 배출밸브를 열어 혼합원료를 배출하여 교반기에 투입한다. 교반기를 작동하여 규정시간 동안 교반한다.",9년 초과 ~ 12년 이하(고졸 정도),6개월 초과 ~ 1년 이하,자료 (비교) / 사람 (관련없음) / 사물 (수동조작),보통 작업,-,실내,"위험내재
고온
다습",-,-,-,[8263]시멘트·광물제품 생산기계 조작원,[8433]시멘트 및 광물제품 제조기 조작원,[C239]기타 비금속 광물제품 제조업,2015,-
내장처리원,해체되어 운반된 가축의 내장 중에서 식용부위를 분류하고 세척한다.,"운반해 온 내장을 작업대 위에 올려놓고 심장, 지라, 위, 비장, 간 등, 식용이 가능한 부위와 비식용 부위를 구분한다. 식용 부위는 부위별로 분류하여 칼로 절단한다. 창자 등, 식용 부위 속에 든 이물질을 물로 세척하고 손상된 부위를 절단한다. 부위별로 구분된 내장을 운반용기에 담아 냉장창고로 운반한다.",6년 초과 ~ 9년 이하(중졸 정도),1개월 초과 ~ 3개월 이하,자료 (비교) / 사람 (관련없음) / 사물 (수동조작),보통 작업,웅크림,실내,"대기환경미흡
다습
소음·진동",-,"닭내장처리원, 돼지내장처리원, 소내장처리원",-,[8721]정육원 및 도축원,[7103]정육가공원 및 도축원,"[C101]도축, 육류 가공 및 저장 처리업",2016,-
내화물연구자,"내화벽돌, 도가니 등의 내화제품의 제조방식에 관한 시험·분석, 원료분석, 요로의 성능, 연료와 연소효율 등에 관한 연구업무를 수행하고 기술적인 문제를 지도 및 조언한다.","내화벽돌, 내화타일, 도가니, 가마 등 내화제품의 개발 및 제조를 위하여 국내외 각종 첨단기술 및 정보를 수집·검토하여 내화물 제조기술연구, 내화물 제조테스트, 제조실험, 제품분석 등을 한다. 내화제품 개발에 필요한 내화제품별 기능, 제조공정방법, 연소효율과 관련한 연구와 실험 등의 업무를 수행한다. 제품별 원료의 종류, 원료의 최적조합비율, 물성, 품질조건 등을 점검하고 시험하기 위한 기준을 설정한다. 여러 실험을 거쳐 어떤 재료가 어떤 양으로 섞일 때 가장 좋은지 최적의 조성을 구한다. 신제품 개발과 내화물 특성개발을 위한 자료로 활용하기 위해 실험결과를 분석하고 기록한다. 내화물의 생산관리 작업기준을 설정한다. 입고된 원료나 소성된 내화물의 견본을 채취하여 각종 실험(수분함유도, 내화도, 소성실험, 내침식성, 균열도·비중, 무게 등)을 하고, 결과치와 검사규격의 표준치를 비교한다. 신제품 개발자료로 활용하기 위해 시간에 따른 시편의 상태변화 등을 기록·정리한다. 측정에 사용된 시료를 보관하거나 폐기하며 측정장치 및 기구는 점검 및 청소를 한다. 개발한 내화물제품의 품질인증 및 기타 인허가사항을 신청한다.",16년 초과(대학원 이상),1년 초과 ~ 2년 이하,자료 (종합) / 사람 (관련없음) / 사물 (정밀작업),보통 작업,-,실내,-,내화물연구원,,세라믹기술사,[1521]금속·재료공학 기술자 및 연구원,[2331]금속·재료 공학 연구원 및 기술자,"[C232]내화, 비내화 요업제품 제조업",2023,
내화물피복원,조립된 트리 또는 크러스트 등의 왁스모형 외부를 세라믹 내화물로 피복(코팅)하여 주조한다.,"작업지시서 및 왁스모형조립반장의 지시에 따라 작업내용을 확인하고 재료 및 관련 기기의 작동상태를 점검한다. 모래 및 접착제를 혼합하여 피복재를 제조한다. 전 공정에서 제작된 왁스트리의 표면에 세라믹 내화물을 도포한다. 내화물 피복장치를 작동시켜 왁스트리 표면에 피복재를 도포한다. 지정된 횟수만큼 침적과 코팅, 건조를 반복하여 주조가 가능한 상태로 성형한다. 완료된 제품을 검사한다.",9년 초과 ~ 12년 이하(고졸 정도),2년 초과 ~ 4년 이하,자료 (수집) / 사람 (관련없음) / 사물 (정밀작업),보통 작업,-,실내,대기환경미흡,-,-,"주조기능사, 주조산업기사, 주조기능장",[8233]주조원,[7412]주조원,[C243]금속 주조업,2015,-
냉간압연원,"열연코일을 소재로 고객의 요구조건을 충족시키기 위한 공정 설계와 표면 산세, 냉간압연, 풀림, 조질압연, 정정, 도금 등을 통한 최적의 냉연제품을 생산한다.","열간압연 제품의 표면을 검사하고, 적정 조건에 따라 산세하여 표면의 스케일층을 제거한다. 냉간압연 전 압연스케줄 편성, 압연유, 압연롤 등 사전 준비 후 고객이 요구하는 두께, 폭, 형상을 만족시키도록 냉간중에 압연을 진행한다. 설비사양서를 기초로 소재별 텐션량을 조절하고, 압연조건을 최적화하여 두께 및 형상제어를 실시한다. 냉간압연 후 소재 표면에 잔류하는 압연유 및 이물질을 제거하는 청정작업을 실시하고, 목적한 재질과 표면품질을 만족하도록 설정된 온도와 시간의 풀림처리를 실시한다. 경우에 따라 표면 및 재질 개선을 위한 조질압연을 진행한다. 이후 고객이 요구하는 품질의 폭 전단, 도유 및 표면검사를 하고 최종 제품을 포장한다.",12년 초과 ~ 14년 이하(전문대졸 정도),2년 초과 ~ 4년 이하,자료 (비교) / 사람 (관련없음) / 사물 (제어조작),보통 작업,-,실내,소음·진동,냉연작업원,냉간압연작업원,"압연기능사, 압연기능장",[8212]금속가공 기계 조작원,[8415]금속가공 기계 조작원,[C241]1차 철강 제조업,2023,
냉동건조커피제조원,"냉동건조커피(입자커피)를 제조하고자 동결건조기(냉동건조기, 식품 등의 보존이나 운반을 편하게 하기 위해서 냉동시킨 후 수분을 증발시키는 기계)를 조작·관리한다.",커피농축액 저장탱크의 유량계를 확인한 후 견본을 채취하여 수분함유량을 점검한다. 자동화된 기계의 조정판에 동결(凍結) 온도와 시간 등을 입력한다. 저장탱크의 배출밸브를 열어 농축된 커피액을 일정량씩 동결시킨다. 동결된 커피액을 일정한 크기로 분쇄하여 진공건조기로 투입한 후 수분을 증발시킨다. 이때 기압을 낮춰서 고체 상태의 물이 기체로 승화할 수 있게 하는데 이 과정을 통해 커피 향의 손실을 최소화한다. 수시로 견본을 채취하여 수분함유량을 검사한다. 냉동 건조된 커피분말을 저장탱크의 호퍼(Hopper)에 투입한다.,9년 초과 ~ 12년 이하(고졸 정도),1년 초과 ~ 2년 이하,자료 (수집) / 사람 (관련없음) / 사물 (제어조작),보통 작업,-,실내,대기환경미흡,동결건조기조정판조작원,-,"식품산업기사, 식품가공기능사",[8735]음료 제조기계 조작원,[8120]음료 제조 관련 기계 조작원,[C107]기타 식품 제조업,2016,-
냉동공조설계원,"냉동공조시스템을 구성하기 위하여 기본계획을 수립하고, 부하계산 등을 통하여 설계도서를 작성하고 검증한다.","기본설계, 부하계산, 장비용량계산설계도서 등을 확인하고 설계의 적합성을 검토한다. 현장조사, 법규검토, 인증제도검토, 예정가격분석을 통해 요구사항에 적합한 기본계획을 수립한다. 설계사양을 정의하고 시스템을 검토하여 냉동공조시스템과 레이아웃을 생성하는 기본설계를 한다. 공학적 계산식을 활용하여 열원장비, 공조장비, 반송기기 등에 대한 용량을 산정하고 요구사항에 적합한 장비 및 부품을 선정한다. 설계도서에 따라 소요되는 재료비 및 노무비를 계산하여 공사원가를 산출한다. 구조체의 열전달, 실내외 온도·습도 조건 등을 고려하여 취득열량 및 손실열량을 계산하고 냉·난방부하를 산출한다. 요구사항과 현장조사자료를 바탕으로 냉동공조설비에 적용할 설계도서, 시방서, 매뉴얼 등을 작성한다.",14년 초과 ~ 16년 이하(대졸 정도),1년 초과 ~ 2년 이하,자료 (종합) / 사람 (관련없음) / 사물 (정밀작업),가벼운 작업,-,실내,-,"공기조화설비설계기술자, 냉난방설비설계기술자",-,"공조냉동산업기사, 공조냉동기사, 공조냉동기술사",[1511]기계공학 기술자 및 연구원,[2351]기계공학 기술자 및 연구원,"[D353]증기, 냉·온수 및 공기조절 공급업",2015,-
냉동공조설비설치원,"설계도서에 따라 열원설비, 공조설비, 자동제어설비 등을 설치하고 성능을 확인한다.","설계도서에 따라 냉동공조설비 설치계획을 수립한다. 시방서, 내역서, 부하계산서, 설계도면 등 설계도서가 현장 여건과 일치하는지 확인하고 검토한다. 설치할 설비의 상태, 기능, 성능을 점검한다. 설치공사를 시행하고 관리한다. 냉열원장치(증기압축식 냉동장치, 흡수식 냉동장치, 빙축열 설비, 지열설비, GHP, EHP, 시스템에어컨 등), 온열원장치(보일러설비, 증기설비, 난방설비, 급탕설비 등 기타 가열장치)를 설치한다. 공조기, 공조배관, 공조덕트, 환기설비, 급배수설비 등을 설치한다. 공조 및 열원설비의 성능을 유지하고 효율적인 운전을 위한 자동제어시스템을 구성하고 설치한다. 시운전을 통해 평가 및 성능검사를 수행한다. 설치에 따른 안전관리 업무를 수행한다.",12년 초과 ~ 14년 이하(전문대졸 정도),1년 초과 ~ 2년 이하,자료 (수집) / 사람 (관련없음) / 사물 (설치),보통 작업,"손사용
시각",실내,-,-,-,공조냉동산업기사,[8114]냉동·냉장·공조기 설치·정비원,[7534]냉동·냉장·공조기 설치 및 정비원,"[D353]증기, 냉·온수 및 공기조절 공급업",2015,-
냉동공조설비유지관리원,냉동공조 설비를 최적의 상태로 유지하기 위하여 설비의 점검 및 진단하여 성능과 효율을 관리한다.,"냉동공조 및 열원장치가 제 성능을 유지하면서 지속적으로 가동될 수 있도록 점검 및 보수 계획을 수립한다. 냉동공조 설비의 에너지절약 및 열효율을 극대화하기 위하여 가스, 유류, 전기 등의 에너지사용량을 측정, 분석하고 시행한다. 유지보수 계획에 따라 공조 및 열원설비 등의 내구수명 유지 및 성능저하 방지를 위해 보수하고 시운전을 한다. 감시제어반, 전자밸브, 제어밸브, 전원차단, 제어설비센서, 판넬 배선 등 제어시스템을 유지·보수·관리한다. 관련 법규를 파악하여 법정검사를 준비하고 안전관리교육을 실시한다. 공조설비의 기능을 최적의 상태로 운영하기 위하여 공기조화기 및 부속장치를 점검, 보수 및 진단한다. 냉동기, 보일러, 냉각탑, 열펌프, 열교환기, 축열조 및 기타 열의 생산과 관련 있는 부속설비 일체를 효율적으로 운영 및 관리한다. 유지보수를 위하여 필요한 소모품, 공구 및 측정기기 등의 자재를 필요한 시점에 공급할 수 있도록 계획을 세워 구매하고 관리한다.",12년 초과 ~ 14년 이하(전문대졸 정도),6개월 초과 ~ 1년 이하,자료 (비교) / 사람 (관련없음) / 사물 (제어조작),보통 작업,"손사용
시각",실내,-,"영선원, 공무원","공업용냉동냉장기계시설관리조작원, 공업용냉장기영선원, 공업용냉동기영선원, 공업용냉장기영선원, 공업용냉동시설관리원, 공업용냉동기계설비관리원, 공업용냉동기계관리원, 공조설비유지관리원","공조냉동기계기능사, 공조냉동기계산업기사",[8140]냉·난방 설비 조작원,[8520]냉난방 관련 설비 조작원,"[D353]증기, 냉·온수 및 공기조절 공급업",2015,-
냉동배관연결원,작업표준에 따른 고압냉매가스 및 냉동배관 조립을 위하여 일정한 길이로 동관을 배열하고 냉방기용 코일과 결합시키는 확관기를 조작하여 동관을 연결·조립한다.,"작업지시서에 따라 조립할 동관제품의 시방서를 확인·검토한다. 동파이프 확관기, 커터기 등 작업에 필요한 장비와 작업공구를 준비한다. 도면 및 작업시방서에 따라 동관의 절단, 확관, 조립방법을 계산한다. 동파이프를 도면에 따라 절단한다. 절단한 파이프의 끝부분을 확관기로 확관한다. 확관부위에 동관을 조립·연결한다. 도면에 따라 동관을 배열하여 고정한다. 작업지시서상의 작업공정을 단계별로 수행한다. 공정 후 연결부위의 누수가 없는지 확인·점검한다.",9년 초과 ~ 12년 이하(고졸 정도),6개월 초과 ~ 1년 이하,자료 (수집) / 사람 (관련없음) / 사물 (수동조작),보통 작업,웅크림,실내,"위험내재
소음·진동",냉동배관원,-,"배관기능사, 배관산업기사",[8114]냉동·냉장·공조기 설치·정비원,[7534]냉동·냉장·공조기 설치 및 정비원,[C291]일반 목적용 기계 제조업,2015,-
냉동연육해동기조작원,"어묵, 맛살, 기타 어육제품을 제조하고자 냉동된 연육(얇게 저민 고기)을 해동하는 기계를 조작한다.","냉동연육을 호이스트나 삽 등을 사용하여 해동기의 교반탱크에 일정량 투입한다. 일정량의 소금, 후추 등이 용해된 물을 넣고 교반기를 가동한다. 연육에 균질화와 탄력성을 부여하고자 절단칼날(Lottery Cutter)을 가동하여 분쇄·혼합한다. 혼합되는 상태를 관찰하며 탱크 내에 부착된 갈고리의 각도를 조절하여 반죽된 연육을 뒤집어 준다. 육안과 촉감으로 혼합된 상태를 확인한다. 혼합이 완료되면 레버를 당겨 운반용기에 담는다.",9년 초과 ~ 12년 이하(고졸 정도),3개월 초과 ~ 6개월 이하,자료 (수집) / 사람 (관련없음) / 사물 (제어조작),보통 작업,웅크림,실내,"위험내재
저온
소음·진동",배합기조작원,-,-,[8731]육류·어패류·낙농품 가공기계 조작원,[8113]육류·어패류 및 낙농품 가공 기계 조작원,"[C101]도축, 육류 가공 및 저장 처리업",2016,-
냉동육등급분류원,"냉각(Chilling)처리된 가금육(닭고기 등)을 중량별로 선별하여 규격별, 등급별로 포장한다.",냉각(Chilling)공정을 거쳐 컨베이어(Conveyor)에 걸려오는 냉각처리된 가금육을 확인한다. 컴퓨터에 의해 중량별로 구분되어 포장되는 가금육을 모니터링한다. 신선한 육질을 유지하기 위해 포장된 제품은 냉각시설인 정온실로 이송한다.,9년 초과 ~ 12년 이하(고졸 정도),3개월 초과 ~ 6개월 이하,자료 (비교) / 사람 (관련없음) / 사물 (유지),보통 작업,-,실내,대기환경미흡,-,-,-,[8723]식품·담배 등급원,[7104]식품 및 담배 등급원,"[C101]도축, 육류 가공 및 저장 처리업",2016,-
냉동장비도장공,냉동장비의 도장을 위해 도료분말을 관리하며 분체도장기를 작동한다.,"작업지시서에 따라 도장할 제품을 확인한다. 지게차, 스키드로더 장비를 이용하여 분체도장 전용부스로 이동한다. 분체도료 공급장치, 컨베이어, 회수장치 등의 작동 여부를 점검한다. 호퍼, 스프레이건의 상태를 점검한다. 작업지시에 따라 도장도료를 준비하여 도료공급장치에 넣는다. 컨베이어를 작동시켜 분체도장기 안으로 서서히 가공물을 입고한다. 도포상태를 확인하여 가공물의 도장이 균일하도록 한다. 도장이 끝난 제품을 건조로로 이동한다. 일정한 시간 동안 냉각시키며 도장의 결함 유무를 확인한다. 건조시킨 후 도막상태를 체크한다. 불량부분은 재도장을 한다.",9년 초과 ~ 12년 이하(고졸 정도),6개월 초과 ~ 1년 이하,자료 (비교) / 사람 (관련없음) / 사물 (제어조작),보통 작업,-,실내,대기환경미흡,냉동장비도장원,-,금속도장기능사,[8251]도장원(도장기조작원),[8421]도장기 조작원,[C291]일반 목적용 기계 제조업,2015,-
냉동창고관리원,"수산물, 육류 및 기타 상온에서 부패될 수 있는 물품을 저장·보관하기 위하여 냉동설비가 장치된 창고를 관리한다.","창고에 반입되는 물품을 분류하여 수량 및 종류를 확인하고 반입서류를 작성한다. 입고한 물품의 종류에 따라 냉동창고의 저장온도를 조절하기 위하여 온도계를 확인하고 냉동스위치를 조작한다. 수시로 가스압력계와 온도계를 점검하여 일지에 기록하고 이상현상이 발생될 경우에는 냉동설비를 유지·관리하는 작업원에게 연락한다. 출고되는 물품의 종류 및 수량을 확인하고 반출서류를 점검한다. 창고에 저장된 물품을 점검하여 변질물품의 수량 및 종류를 파악한다. 보관물품의 품명, 수량 및 입고일이 기록된 명세표(푯말)를 물품의 상단 또는 창고의 입구에 부착한다.",9년 초과 ~ 12년 이하(고졸 정도),1년 초과 ~ 2년 이하,자료 (수집) / 사람 (말하기-신호) / 사물 (유지),보통 작업,-,실내·외,"저온
다습",,,,[0283]자재·구매·물류 사무원,[3123]자재 관리 사무원,[H521]보관 및 창고업,2021,-
냉동컨테이너관리원,냉동컨테이너 화물이 지정된 온도로 유지될 수 있도록 관리한다.,"컨테이너 장치장 및 장치재고를 파악한다. 냉동컨테이너 작업량을 확인하여 화물의 상하차작업을 지시한다. 전원공급케이블의 적출작업 및 전원차단을 통해 지정된 온도의 냉동상태를 확인·기록한다. 냉동컨테이너 모니터링청구서를 작성하고, 냉동스탠드를 유지·보수하고 관리한다.",9년 초과 ~ 12년 이하(고졸 정도),6개월 초과 ~ 1년 이하,자료 (수집) / 사람 (말하기-신호) / 사물 (수동조작),보통 작업,"균형감각
웅크림",실내·외,"위험내재
소음·진동",,,공조냉동기계기능사,[0283]자재·구매·물류 사무원,[3123]자재 관리 사무원,[H529]기타 운송관련 서비스업,2021,-
냉매회수사,"냉매회수기, 저울, 냉매 저장 용기 등을 사용해 가정용, 상업용, 산업용 냉동공조기의 냉매 회수 작업을 수행한다.","작업 매뉴얼에 따라 냉매 종류와 충전량을 확인하고 누출과 수리 여부를 판단해 누출이 없음을 확인 후, 회수·재생 장비(냉매회수기로 수정)를 조작해 회수·재생 작업을 한다. 냉매를 압축기를 통해 흡입하고 응축기를 통해 액화시켜 용기에 담는다. 냉매 누출 등을 정기적으로 점검해 예방하고 냉매 관련 각종 장비를 유지·관리·보수한다. 회수 결과에 대해 감독자에게 보고서(회수결과표)를 작성해 제출한다. 회수한 냉매를 재생, 재처리 업체에 판매한다. 해당 냉매 사용 기기의 최적 효율을 위한 적정 냉매량 유지를 위해 회수한 냉매의 불순 성분 제거 후 냉매를 재활용하거나 추가량을 충전하기도 한다. 냉동기에 대한 기본 지식을 통해 고객상담을 하기도 한다. 가정용, 산업용, 상업용 냉동공조기의 냉매를 회수한다.",9년 초과 ~ 12년 이하(고졸 정도),2년 초과 ~ 4년 이하,자료 (비교) / 사람 (말하기-신호) / 사물 (수동조작),보통 작업,-,실내·외,"대기환경미흡
위험내재",냉매회수전문가,-,"공조냉동기계산업기사, 냉동산업기사, 기능사, 가스기능사",[8114]냉동·냉장·공조기 설치·정비원,[7534]냉동·냉장·공조기 설치 및 정비원,"[D353]증기, 냉·온수 및 공기조절 공급업",2021,-
냉방설비조작원,공장설비 및 사무실 가동에 사용되는 냉방설비를 점검하고 조작한다.,냉방설비를 자동 또는 수동으로 가동한다. 냉방설비 및 공기조화시설 등의 본체와 부속설비의 온도 및 습도 등의 정상 여부를 확인한다. 냉방시설을 순찰하고 감시한다. 고장 시 응급조치를 한다. 정기적으로 설비의 이상 유무 등을 점검하고 일지에 기록한다. 정기적으로 냉방설비 및 보조설비를 유지·관리한다.,9년 초과 ~ 12년 이하(고졸 정도),1년 초과 ~ 2년 이하,자료 (비교) / 사람 (관련없음) / 사물 (제어조작),가벼운 작업,웅크림,실내,"위험내재
소음·진동",-,"공업용냉동기조작원, 공업용냉장기조작원, 공업용얼음제조기조작원, 공업용냉각장치조작원, 산업용냉장시스템조작원, 선박냉동기조작원","공조냉동기계기능사, 공조냉동기계산업기사",[8140]냉·난방 설비 조작원,[8520]냉난방 관련 설비 조작원,"[D353]증기, 냉·온수 및 공기조절 공급업",2015,-
냉방장치조립원,냉방장치와 관련된 부품을 조립하거나 납땜하고 기밀시험을 통해 제품의 이상 유무를 확인한다.,작업지시서에 따라 조립할 제품의 부분품을 확인하고 검토한다. 작업에 필요한 장비와 작업공구를 준비한다. 수동공구를 사용하여 압축기에 케이싱을 조립하고 최종 하우징을 조립한다. 컨트롤 패널과 단자를 연결한다. 출고할 제품에 냉매를 주입하고 제품을 시운전한다. 완제품에 자동포장기로 비닐을 씌운 후 창고에 적재한다.,9년 초과 ~ 12년 이하(고졸 정도),3개월 초과 ~ 6개월 이하,자료 (비교) / 사람 (관련없음) / 사물 (수동조작),보통 작업,"웅크림
손사용",실내,소음·진동,-,-,-,[8161]일반기계 조립원,[8544]일반기계 조립원,[C291]일반 목적용 기계 제조업,2015,-
냉압기조작원,접착제로 부착된 합판과 심재를 압착하여 접착하는 기계(Cold Press)를 조작한다.,냉압관 상·하단부에 있는 오물을 제거한 후 받침판을 놓고 접착하려는 부재(접착제로 부착된 합판과 심재)를 수평 또는 수직으로 적재한다. 부재의 종류나 접착제의 용도에 따라 온도별 가압시간을 조절한다. 균일한 접착이 이루어질 수 있도록 조절기를 조작하여 실내온도를 일정하게 유지한다. 기계를 가동하고 압착되는 상태를 관찰한다. 가압시간과 접착상태를 확인한 후 기계의 압력을 풀고 부재가 완전히 굳을 수 있도록 일정 시간 쌓아 놓는다. 냉압이 완료된 제품을 열압기로 운반한다.,9년 초과 ~ 12년 이하(고졸 정도),6개월 초과 ~ 1년 이하,자료 (비교) / 사람 (말하기-신호) / 사물 (제어조작),보통 작업,"웅크림
손사용",실내,"대기환경미흡
소음·진동",냉압처리원,-,-,[8821]목재 가공기계 조작원,[8911]목재가공 관련 기계 조작원,[C162]나무제품 제조업,2017,-
냉장고발포액주입원,냉장고 및 냉동고 내부의 열이 방출되거나 외부의 열이 침입하지 않도록 캐비닛과 내상 사이에 우레탄액을 주입한다.,발포로의 온도를 일정하게 유지시킨다. 자동으로 우레탄액을 주입하는 기계를 사용하여 발포액을 주입한다. 관련 기계 및 기계설비를 관리하고 주기적으로 청소 및 주유를 한다. 우레탄액을 만들기 위해 화학약품의 액량을 조절하고 배합 및 관리를 한다. 작업방법 개선 및 설비 개선에 관한 제안을 한다.,9년 초과 ~ 12년 이하(고졸 정도),6개월 초과 ~ 1년 이하,자료 (수집) / 사람 (관련없음) / 사물 (수동조작),보통 작업,"웅크림
손사용",실내,"대기환경미흡
위험내재
소음·진동",발포단열공,발포기조작원,-,[7023]단열공,[7833]단열공,[C285]가정용 기기 제조업,2014,-
냉장고성형기조작원,냉장고 내부의 플라스틱 물질을 일정 모양으로 성형하기 위하여 기계를 조작한다.,"모델별로 ABS시트, 금형 등을 준비하여 성형기계에 장착한다. 냉각수, 히터 등의 온도를 설정한다. 성형기계를 조작하여 성형작업을 한다. 성형된 제품의 두께를 버니어캘리퍼스, 계측기기, 육안 등으로 측정·검사하고 수시로 열을 조정한다. 성형 후 대형프레스를 사용하여 테두리를 다듬는다. 생산모델이 변경될 때 성형기 내부의 금형을 교환하여 장착한다. 성형기계를 점검하고 청소하며 주유·관리한다.",9년 초과 ~ 12년 이하(고졸 정도),2년 초과 ~ 4년 이하,자료 (수집) / 사람 (관련없음) / 사물 (제어조작),보통 작업,"웅크림
손사용",실내,"위험내재
소음·진동",-,-,-,[8522]플라스틱제품 생산기계 조작원,[8323]플라스틱제품 생산기 조작원,[C285]가정용 기기 제조업,2016,-
냉장설비수리원,공장 및 사무실에 사용되는 냉방 및 냉장설비를 점검하고 정비한다.,"정기적으로 냉방설비 및 보조설비의 이상 유무를 점검한다. 고장 시 냉장설비 및 보조설비의 온도, 압력, 수위, 진동, 누설, 이상음 발생 등을 진단한다. 배관, 밸브 등 정비할 부품이나 설비를 분해한다. 파손 또는 마모의 경중에 따라 수리하거나 부품을 교체한다. 정비한 설비를 재조립한다. 시운전을 하고 설비의 게이지를 재조정한다. 정기적으로 냉장설비 및 보조설비에 이상이 없는지 점검한다.",9년 초과 ~ 12년 이하(고졸 정도),2년 초과 ~ 4년 이하,자료 (수집) / 사람 (관련없음) / 사물 (정밀작업),가벼운 작업,"균형감각
웅크림",실내,"위험내재
소음·진동",-,-,"공조냉동기계기능사, 공조냉동기계산업기사",[8114]냉동·냉장·공조기 설치·정비원,[7534]냉동·냉장·공조기 설치 및 정비원,[C340]산업용 기계 및 장비 수리업,2015,-
네온사인제작원,광고나 장식물 등으로 활용되는 네온사인을 제작한다.,가로로 길게 특수 제작된 가스버너에서 유리관을 가열하여 모양을 변형 가능한 형태로 만든다. 휘어지는 안쪽과 바깥쪽을 골고루 가열하여 유리관의 두께가 항상 일정하게 유지시킨다. 가열되어 물렁물렁해진 유리관을 원하는 문자나 모양으로 구부린 다음 진공상태로 만든다. 구부린 유리관에 네온가스나 아르곤(Argon)가스를 넣는다. 양 끝에 전기가 들어가는 전극부분을 접합하고 배기과정을 거친다. 채널 위 피복동선의 네온문자는 바인드선을 이용하여 고정시킨다. 이때 되도록 배선을 드러내지 않도록 하며 트랜스의 용량을 초과하지 않도록 배선한다.,9년 초과 ~ 12년 이하(고졸 정도),4년 초과 ~ 10년 이하,자료 (수집) / 사람 (협의) / 사물 (수동조작),보통 작업,"균형감각
웅크림
손사용",실내·외,"위험내재
고온
소음·진동",-,-,컴퓨터그래픽스운용기능사,[8312]내선 전기공,[7622]내선 전기공,[C284]전구 및 조명장치 제조업,2014,-
네이미스트,"시장 상황과 유행을 고려하여 기업명이나 상표, 도메인, 인명 등의 이름을 짓는다.",이름을 만들고자 하는 제품의 특징과 수요층을 파악한다. 제품에 어울릴만한 이름의 안을 만든다. 다른 네이미스트와 함께 2~3개의 후보작을 고른다. 후보작들과 같은 이름으로 등록되지는 않았는지 등록 여부를 확인한다. 의뢰자와 협의를 통해 최종 이름을 결정한다.,14년 초과 ~ 16년 이하(대졸 정도),2년 초과 ~ 4년 이하,자료 (분석) / 사람 (협의) / 사물 (관련없음),아주 가벼운 작업,-,실내,-,-,-,-,[4111]작가,[2811]작가,[M713]광고업,2012,-
네트워크관리자,"클라이언트, 서버, 인터넷 및 인트라넷 형태의 전산망 관련 하드웨어 및 소프트웨어자원을 관리하고 운영한다.","네트워크시스템에 대한 운영과 관리의 지침을 마련한다. 전체적인 네트워크시스템의 구성상태를 파악하고 실시간 시스템의 운영상태를 모니터링하고 관리한다. 네트워크케이블의 포설 위치, 레이아웃, 배선상태 등에 관한 자료를 기록·관리하고 네트워크케이블의 확장 및 변경 시 수정·관리한다. 네트워크에 연결된 사용자의 PC, 서버컴퓨터, 주변기기 등에 대해서 주소체계를 설정 및 부여한다. 네트워크의 변경 및 확장 시 주소의 설정을 조정한다. 네트워크시스템의 고장 및 운영상에 이상이 발견되면 문제점을 파악하여 복구한다. 네트워크시스템의 변경 및 신규 확장추가 시 신규로 조달된 시스템을 설치하고, 시험계획에 입각하여 기능 및 성능을 시험평가한다. 네트워크매니지먼트시스템(NMS)의 기능과 특성을 이용해서 성능관리, 구성관리 및 고장관리를 효율적으로 수행한다. 네트워크시스템에 관한 보안정책을 수립하고 외부 네트워크를 통한 해킹을 방지하기 위한 기술적 보안과 관리적 보안을 이행한다. 네트워크 이용자를 위한 전자우편 ID의 등록, 부여, 삭제 등을 관리하고 인터넷 관련 서비스를 제공한다. 네트워크관리자는 사용자의 PC상에 네트워크의 접속을 위한 네트워크프로토콜 및 서비스에 대한 셋업의 절차와 행위에 대한 교육과 기술적 자문을 지원한다. 사용자의 PC가 네트워크에 접속하는 데 문제가 있을 경우 기술적으로 지원한다. 외부망과 연동되는 통신회선(전용선, 전화망 등)에 대해서 외부망사업자와의 긴밀한 협조 하에 통신장애를 관리한다.",14년 초과 ~ 16년 이하(대졸 정도),2년 초과 ~ 4년 이하,자료 (분석) / 사람 (관련없음) / 사물 (제어조작),가벼운 작업,-,실내,-,-,-,"정보처리기사, 전자계산기조직응용기사",[1343]정보시스템 운영자,[2241]정보 시스템 운영자,"[J582]소프트웨어 개발 및 공급업 / [J620]컴퓨터 프로그래밍, 시스템 통합 및 관리업 / [J631]자료처리, 호스팅, 포털 및 기타 인터넷 정보매개 서비스업",2014,-
네트워크설계자,개별사이트에 영향을 미치는 네트워크의 성능을 모니터링하고 진단·컨트롤·측정하여 네트워크시스템을 계획 및 설계한다.,"다수의 사이트로 구성된 네트워크시스템의 설계와 구조를 분석한다. 분석된 문제점의 해결책을 설명하기 위해 네트워크 구성도, 소프트웨어 설계도를 작성한다. 다수의 네트워크환경 내에서의 멀티미디어(음성, 데이터, 이미지)의 전송을 위한 경로와 전송로직을 설계하기 위해 디지털 기호화형식, 라인코드, 타이밍기술을 적용한다. 고객의 통신요구사항에 대한 해결책을 정의하고 분석·제공하기 위해 사용자와 논의한다. 설계도구를 사용하여 계획된 네트워크의 활용을 평가하고 다수의 사이트 네트워크를 위한 매체, 기술, 비용 등의 해결책을 제시한다. 다수의 사이트 네트워크 프로젝트를 위해 비용산출모델, 보고서, 기술적 해결책을 제공한다. 하위 직무수행자를 대상으로 담당분야에 대한 기술적 교육 실시 및 교육과정을 개발한다.",14년 초과 ~ 16년 이하(대졸 정도),4년 초과 ~ 10년 이하,자료 (종합) / 사람 (말하기-신호) / 사물 (제어조작),가벼운 작업,-,실내,-,-,-,"정보처리기사, 전자계산기조직응용기사",[1342]네트워크 시스템 개발자,[2232]네트워크 시스템 개발자,"[J620]컴퓨터 프로그래밍, 시스템 통합 및 관리업 / [J631]자료처리, 호스팅, 포털 및 기타 인터넷 정보매개 서비스업",2014,-
네트워크엔지니어,사용자의 요구사항에 부합하는 네트워크시스템을 분석·설계·구축한다.,"전체적인 네트워크시스템의 구조를 분석하고 평가하여 문제점과 개선책을 도출한다. 사용자의 요구사항에 부합되는 기본적인 네트워크시스템의 구조를 기능성, 안정성, 확장성, 변경가능성, 관리용이성에 입각하여 설계한다. 구성요소에 대한 세부적 사양을 설정한다. 네트워크 관련 시스템에 대한 조사, 분석과 벤치마킹의 과정을 통해 활용가능성을 평가한다. 평가, 검증된 네트워크시스템을 기초로 세부적으로 시스템을 설계한다. 시스템 구축 전에 네트워크 장비들에 대한 설치위치, 환경, 케이블 등 구비요건을 확인·점검한다. 시스템이 도입되면 단위시스템에 대한 인터페이스와 설치과정을 통해 시스템의 기능과 성능을 평가한다. 단위 시스템의 평가가 완료되면 전체적으로 네트워크시스템과 컴퓨터시스템들을 통합 연동하여 종합적으로 평가하고 분석한다. 통합 구축된 네트워크시스템의 시험평가가 완료되면, 실제 운영에 대비한 네트워크시스템의 운영관리체계를 정립한다. 구축완료된 네트워크시스템에 대해서 일정기간 실제 운영한 데이터를 분석평가하여 시스템의 조정과정을 거쳐 기능과 성능을 향상시킨다. 네트워크의 고장이 발생하였을 경우 네트워크관리자와 함께 원인을 파악하고 복구를 위한 대책을 강구한다. 네트워크시스템에 관한 보안정책을 수립하고, 네트워크를 통한 해킹을 방지하기 위한 기술적 보안과 관리적 보안을 설계한다. 네트워크의 기술동향 및 추세를 지속적으로 조사·분석하여, 정보기술의 변화에 대비한다.",14년 초과 ~ 16년 이하(대졸 정도),4년 초과 ~ 10년 이하,자료 (분석) / 사람 (말하기-신호) / 사물 (제어조작),아주 가벼운 작업,-,실내,-,네트워크시스템개발자,"하는 일에 따라 네트워크분석엔지니어, 네트워크개발엔지니어","정보처리기사, 전자계산기조직응용기사, 전자계산기기사, 정보통신기사",[1342]네트워크 시스템 개발자,[2232]네트워크 시스템 개발자,"[J582]소프트웨어 개발 및 공급업 / [J620]컴퓨터 프로그래밍, 시스템 통합 및 관리업 / [J631]자료처리, 호스팅, 포털 및 기타 인터넷 정보매개 서비스업",2014,-
네트워크통신게임개발원,인터넷 및 온라인에 실현되는 네트워크게임을 개발한다.,"서비스기획이나 마케팅부서의 게임기획자의 요구나 비비에스서비스관리원 또는 콘텐츠관리원으로부터 받은 명세서에 따라 보드게임(고스톱, 바둑, 장기, 체스 등), FPS(First-Person Shooter), MMORPG(Massive Multiplayer Online Role Playing Game)와 같은 네트워크 게임을 개발한다. 명세서를 요구부서와 협의하여 조정하고 게임을 설계한다. 개발언어를 이용하여 모듈별 프로토콜(Protocol)을 적절히 개발한다. 시범서비스(α-Test)를 하고 보완하여 출시한다. 관련된 국내의 게임인프라(단위게임)를 모아 여러 이용자가 동시에 네트워크 게임이 가능하도록 한다. 대기실, 대화실 등 매치메이킹(Match Making)이 가능하도록 한다.",14년 초과 ~ 16년 이하(대졸 정도),1년 초과 ~ 2년 이하,자료 (종합) / 사람 (말하기-신호) / 사물 (제어조작),가벼운 작업,-,실내,-,-,네트워크게임인프라기획원,게임프로그래밍전문가,[1332]응용 소프트웨어 개발자,[2223]응용 소프트웨어 개발자,[J582]소프트웨어 개발 및 공급업,2014,-
노광원,브라운관 전면에 사용되는 패널마스크(panel mask) 내면에 형광체를 도포·노광·현상하여 막을 형성하는 일을 한다.,노광대를 점검하고 현상수의 분사상태 및 온도를 점검한다. 도포기의 도포상태를 확인한다. 특정 색상의 형광체가 도포된 패널이 이송대를 통하여 일정한 위치에 도착하면 형광체의 도포상태를 검사한다. 내면이 양호하면 마스크를 결합하여 패널을 노광대 위에 올려 놓고 스위치를 눌러 특정색상을 노광시킨다. 장착된 패널에서 마스크를 분리시킨 후 막에 상처가 있는지 검사한다. 불량품은 점검표에 기록하고 분리된 마스크를 이송대에 올린다. 노광대의 주변을 청소한다.,9년 초과 ~ 12년 이하(고졸 정도),6개월 초과 ~ 1년 이하,자료 (수집) / 사람 (관련없음) / 사물 (정밀작업),보통 작업,-,실내,소음·진동,"슬러리도포원, 노광현상원",-,-,[8352]전자 부품·제품 생산기계 조작원,[8632]전자 부품 및 제품 제조 기계 조작원,[C262]전자부품 제조업,2014,소멸(브라운관의 생산 중단)
노동연구원,"노동과 일자리, 노동자의 복지 등 노동 및 일자리정책에 관련된 연구를 한다.","주로 정부의 노동정책 전반에 관한 사항을 연구한다. 산업별 노조건설과 노동조합 정책과제, 노조 조직력과 노동조합의 정치활동, 노사관계 등을 연구한다. 노동정책 개발과 노동문제에 관한 일반 국민의 인식제고에 기여하기 위해 노동과 일자리에 대한 문제를 연구한다. 노동 관련 각종 통계자료를 분석한다. 그 외에 연구원(일반)이 수행하는 일반적인 업무를 수행한다.",16년 초과(대학원 이상),2년 초과 ~ 4년 이하,자료 (종합) / 사람 (협의) / 사물 (관련없음),아주 가벼운 작업,-,실내,-,-,-,-,[1102]사회과학 연구원,[2122]사회과학 연구원,[M702]인문 및 사회과학 연구개발업,2012,-
노동조합고위임원,근로자의 권리와 경제적 이익을 증진하기 위해 노동조합의 제반 활동을 기획·조정·통제·결정하는 등 노동조합의 업무를 총괄한다.,"사용자측과 노동조건, 임금, 승진, 해고 등에 대해서 단체교섭을 한다. 조합원 또는 산하조합을 규합하여 동맹파업 등의 쟁의행위를 하며 이를 지휘한다. 정기적으로 또는 수시로 직장대회나 전국대회를 개최한다. 조합의 활동사항, 장래계획, 교섭방침, 경리내용에 대해 발표·보고를 한다. 정기적 또는 부정기적으로 발행하는 조합 기관지의 편집, 발행, 배포를 지도·감독한다.",9년 초과 ~ 12년 이하(고졸 정도),10년 초과,자료 (조정) / 사람 (협의) / 사물 (관련없음),아주 가벼운 작업,-,실내,-,,,공인노무사,[0111]의회의원·고위공무원 및 공공단체임원,[1110]의회 의원·고위 공무원 및 공공단체 임원,[S942]노동조합,2021,-
노동조합임원,사업주에 대해 노동자들의 노동조건 개선과 권리 향상을 위한 업무를 수행한다.,"임금체불, 퇴직금, 노동조합 가입 등 노동자의 노동조건에 대한 상담을 한다. 노동조합 활동 등의 단위사업장 문제에 대하여 조합원들을 대상으로 교육한다. 노동조합의 상황 점검과 활동 방향, 조합사업 등을 논의한다. 다른 노조의 활동을 지원하거나 공동활동을 모색한다. 언론이나 대중매체에 진행되고 있는 현안에 대하여 보도자료를 제공하고 취재에 협조하여 노동조합의 활동을 홍보한다. 집회를 추진하거나 사업주와 교섭활동을 한다. 공인노무사에게 법률적인 지원을 받거나 노동운동전문가에게 실태조사, 분석에 대한 지원을 받는다.",9년 초과 ~ 12년 이하(고졸 정도),4년 초과 ~ 10년 이하,자료 (조정) / 사람 (협의) / 사물 (관련없음),아주 가벼운 작업,-,실내,-,,,공인노무사,[0111]의회의원·고위공무원 및 공공단체임원,[1110]의회 의원·고위 공무원 및 공공단체 임원,[S942]노동조합,2021,-
노무사,사업장의 노사관계 대한 사항을 진단하고 분석하여 합리적인 방안을 제시하고 채용에서 퇴직까지의 근로자의 모든 법률문제를 담당한다.,"노동위원회 구제신청(개별 근로자에 대한 부당해고, 징계, 전직, 감봉, 비정규직 차별시정 등) 대리업무, 산업재해 신청 대리업무, 임금체불 진정 및 대리업무, 체당금 신청 및 대리업무를 수행한다. 노사 간 분쟁 발생 시 노사분쟁 조정 및 중재업무를 수행한다. 기업 및 노조에 대한 법률 및 정책자문을 한다. 인사관리컨설팅, 조직역량개발, 조직문화개선 등 경영조직컨설팅, 노무관리 진단, 노사컨설팅(단체교섭 대리 및 단체협약 분석), 급여 및 4대보험 사무대행, 고용컨설팅(채용, 모집대행)업무, 사업장 안전·보건에 대한 점검 및 자문을 수행한다. 직장 내 성희롱, 직장 내 괴롭힘 조사, 예방교육, 신고 등을 수행한다. 정부에서 제공하는 각종 지원금(중소기업지원금, 신규고용촉진장려금, 고령자고용촉진장려금, 모성보호관련지원금, 고용유지지원금 등) 신청에 관련된 서비스를 제공한다.",14년 초과 ~ 16년 이하(대졸 정도),2년 초과 ~ 4년 이하,자료 (조정) / 사람 (말하기-신호) / 사물 (관련없음),아주 가벼운 작업,-,실내·외,-,공인노무사,노사관계전문가,공인노무사,[0222]인사·노무 전문가,[2711]인사 및 노사 관련 전문가,[M711]법무관련 서비스업,2021,-
노무사무원,"노무사의 지휘하에 노사를 대리하여 관계기관에 행하는 신고, 보고, 신청, 진술, 청구에 관한 서류작성 등 노무사의 업무를 지원한다.","고객의 요구를 파악하고 적절한 업무수행을 위해 노무와 관련하여 고객과 상담한다. 노무 관련 법조문이나 판례를 검색하고 조사한다. 노무대상자를 면담하고 관련 자료를 수집한다. 노사를 대리하여 신고에 필요한 각종 서류를 작성하고 변경하며 신고한다. 사업 또는 사업자의 인사, 노무, 노사관계 등을 분석하고 이를 토대로 개선방안을 수립한다. 산재 등 노무 관련 사항에 대해 노사를 대상으로 교육한다.",14년 초과 ~ 16년 이하(대졸 정도),2년 초과 ~ 4년 이하,자료 (수집) / 사람 (말하기-신호) / 사물 (관련없음),가벼운 작업,-,실내,-,노무관리사무원,노무사사무장,,[0262]인사·교육·훈련 사무원,[3122]인사 및 교육·훈련 사무원,전산업,2021,-
노심계통해석연구원,"원자로 및 핵연료에 대한 제어, 감시, 보호 및 원소변동과 핵반응 정도 등에 대한 기술적인 사항을 진단·분석·평가하기 위한 연구·개발 업무를 수행한다.","핵분열 반응이 이루어지는 부분인 노심의 안전성 확보 및 경제적 연소를 위한 노심설계 및 운전상황 분석에 대한 업무를 수행한다. 노심보호 및 감시업무를 한다. 중수로에 대한 연구, 개발을 통하여 중수가 핵연료의 감속재 및 냉각재의 역할을 할 수 있도록 관리한다. 연료개발 및 연료주기를 분석하여 원자력발전이 안정적이고 경제적으로 이루어지도록 연구한다. 원자력발전 운영에 따른 방사성 물질의 노출로부터 사람을 보호하기 위한 차폐기술, 임계로 해석, 방사선원항 분석에 관한 연구업무를 한다. 원자력발전의 계통열을 이용한 수력연구를 한다. 기타 노심계통에 관한 연구·개발업무를 수행한다. 그 외에 연구원(일반)이 수행하는 일반적인 업무를 수행한다.",16년 초과(대학원 이상),4년 초과 ~ 10년 이하,자료 (종합) / 사람 (협의) / 사물 (정밀작업),아주 가벼운 작업,-,실내,위험내재,-,-,-,[1211]자연과학 연구원,[2112]자연과학 연구원,[D351]전기업,2012,-
노심관리원,원자력발전소의 노심 안전성 확인을 위하여 노심 내의 감속재 및 냉각재 측정 등 안전가동 여부를 점검·기록하고 원전연료의 장전·교체계획을 수립한다.,원자로의 정상적인 운전과 효율적인 노심관리를 위하여 원자로의 출력분포 및 연소상황을 컴퓨터로 추적·계산·분석한다. 원자로의 가동특성과 관련하여 원료를 원자로에 장전하고 원자로특성시험 등을 통하여 연료설계사양 등의 성능을 분석한다. 출력분포 측정결과로 얻어진 자료를 분석·검토하여 안전성 위반 여부를 확인한다. 전처리로 얻어진 자료를 분석하여 소모되는 원전연료를 계산한다. 원자로의 냉각수에 포함된 방사능의 준위를 동위원소를 이용하여 분석하고 원전연료의 손상률을 계산한다. 원전연료의 핵반응이 완료되면 각 집합체별로 연소이력을 계산하고 재장전 계획을 수립한다.,14년 초과 ~ 16년 이하(대졸 정도),4년 초과 ~ 10년 이하,자료 (수집) / 사람 (말하기-신호) / 사물 (정밀작업),가벼운 작업,-,실내,위험내재,-,-,-,[8330]발전·배전 장치 조작원,[8610]발전 및 배전장치 조작원,[D351]전기업,2014,-
노인전문간호사,"노인전문병원, 의료복지기관, 요양원 등에서 노인의 건강관리와 병세호전을 위해 간호계획을 수립하고 각종 프로그램을 진행하여 노인을 돌본다.","노인 및 가족과 상담을 통해 요구사항을 수렴하여 간호계획을 수립한다. 시설 및 간호에 대해 안내하고 노인의 건강관리, 회복, 질병예방 등에 관해 설명한다. 노인의 건강관리 및 병세호전을 위한 각종 재활치료 및 치료프로그램을 진행하거나 노인들의 유연한 진행을 돕는다. 상해를 입은 노인을 응급처치하고, 병원 후송 여부를 결정한다. 노인의 건강상태에 관한 자료를 기록·관리한다. 구급약품을 관리하며 의무실을 운영·관리한다. 관련 의료기관의 의사에게 건강상태 자료를 제출하여 정기적으로 건강상태를 검토한다. 노인의 건강에 이상이 생기면 병원에 의뢰하여 건강상태를 확인한다.",16년 초과(대학원 이상),2년 초과 ~ 4년 이하,자료 (분석) / 사람 (말하기-신호) / 사물 (수동조작),가벼운 작업,-,실내,-,-,-,"간호사, 노인전문간호사",[3040]간호사,[2430]간호사,[Q861]병원,2017,-
노재기술자,노재(爐材)의 기술개발과 개선을 위한 방안을 연구하고 현장적용을 위한 기술업무를 수행한다.,"내화물 사용에 따른 증감요인, 해외선진제철소의 사용실적 등을 조사하고 종합·분석하여 노재부문 중장기계획수립 및 기술발전방향을 제시한다. 제철공정변화 등에 대응한 신내화물 및 신소재 연구과제에 대한 연구계획서를 검토하고 이에 따른 실적관리, 연구결과평가 등을 통하여 현장 활용방안을 강구하고 개선방안을 제안한다. 노재부문의 문제점 및 현황을 분석하고 선진노재기술동향 조사 및 적용으로 이를 개선한다. 사업체의 철강 생산능력을 검토하여 중장기 생산계획에 따른 안정조업을 도모하기 위한 내화물의 수급계획을 수립한다. 내화물 실시공법 및 보수기술 도입을 검토하고, 내화물축조 및 해체장비의 기계화 등 노재수리장비의 합리화를 추진한다. 노재부문 교육훈련에 필요한 제반 기술사항을 작성한다. 해외제철소 및 내화물 제조업체 등과 기술교류회의를 개최하여 신기술정보를 입수하고 사내에 전파한다. 사내 관련 설비의 현장관찰과 자료조사를 행한다.",14년 초과 ~ 16년 이하(대졸 정도),4년 초과 ~ 10년 이하,자료 (종합) / 사람 (관련없음) / 사물 (정밀작업),보통 작업,-,실내,-,-,-,세라믹기술사,[1521]금속·재료공학 기술자 및 연구원,[2331]금속·재료 공학 연구원 및 기술자,[C241]1차 철강 제조업,2015,-
노점판매원,"정해진 상점 없이 노상에서 청과류, 잡화, 간식 등을 진열하고 판매한다.","판매할 물품을 결정하여 도매 또는 직거래를 통하여 물품을 구매한다. 판매하고자 하는 물품의 성격을 파악하고 소비자의 수요가 많은 지역을 결정하고 관련 기관의 허가를 받는다. 지정된 장소에 물품을 진열하거나 포장하여 소비자의 수요를 돕는다. 부패의 가능성이 있는 생선류 및 손상이 쉽게 되는 청과류는 신선도를 유지하기 위한 설비를 갖춘 이동수단(차량, 손수레)을 이용하여 직접 소비자에게 판매하거나 배달한다. 계절에 따라 판매 물품을 변경하여 판매하기도 하며 행사장소나 공원 등지에서 물품 판매를 하기도 한다.",6년 초과 ~ 9년 이하(중졸 정도),약간의 시범정도,자료 (비교) / 사람 (설득) / 사물 (관련없음),가벼운 작업,-,실외,-,노점상,"신문가두판매원, 노점생선판매원, 노점채소판매원, 이동판매원, 열차객실판매원, 열차판매원, 노점차량판매원",-,[6155]노점 및 이동 판매원,[5322]노점 및 이동 판매원,[G479]무점포 소매업,2013,-
녹색건축인증심사전문가,친환경건축물인증신청에 대해 관련규정에 적합한지 심사한다.,"공동주택, 복합건축물, 업무용건물 기타건축물(학교, 숙박, 판매 등)에 대한 녹색건축인증 신청자의 예비인증, 본인증, 연장신청에 대해 신청자가 제출한 서류를 검토한다. 심사대상인 건축물에 대한 현장실사를 실시한다. 건축물과 관련된 토지이용, 교통, 에너지, 재료 및 자원, 수자원, 환경오염, 유지관리, 생태환경, 실내환경 등의 평가항목별로 평가기준에 따라 배점을 부여한다. 평가항목별 점수를 합산한 결과에 따른 인증결과를 인증운영기관과 의뢰자(건축주, 설계사 등)에 통보한다.",16년 초과(대학원 이상),2년 초과 ~ 4년 이하,자료 (분석) / 사람 (협의) / 사물 (관련없음),가벼운 작업,-,실내·외,-,"녹색건축인증심사위원, , 그린빌딩인증심사위원, 그린빌딩평가전문가",,,[1402]건축공학 기술자,[2312]건축공학 기술자,"[M721]건축기술, 엔지니어링 및 관련 기술 서비스업",2022,
녹색건축인증컨설턴트,"건축주 또는 시공사가 국내외 녹색건축인증을 취득할 수 있도록 설계, 자재, 시공과정을 진단하고 인증기준을 충족할 수 있는 해결책을 제시한다.","그린빌딩(친환경건축물) 관련 인증을 취득하고자 하는 고객에게 녹색건축인증, 주택성능등급, 건축물에너지효율등급, 제로에너지건축물인증, 리드(LEED)인증, BREEAM인증 등 그린빌딩(친환경건축물) 관련 국내외 인증의 대상, 절차, 인증등급과 기준에 대해 설명하고 설계에 반영될 수 있도록 한다. 고객에게 필요한 인증의 종류와 등급, 인증취득의 효과 및 인센티브, 소요비용에 대해 상담한다. 고객의 의뢰에 따라 그린빌딩인증 심사평가의 기준과 절차를 충족하는 설계기법, 자재, 설비 등에 대한 기술적 자문을 비롯하여 서류준비에 대해 자문한다. 고객을 대행하여 인증기관에 인증심사신청을 하고 심의과정에 필요한 서류의 준비·제출, 보고서 작성을 수행하기도 한다.",14년 초과 ~ 16년 이하(대졸 정도),2년 초과 ~ 4년 이하,자료 (분석) / 사람 (자문) / 사물 (관련없음),가벼운 작업,-,실내,-,"그린빌딩인증컨설턴트, 친환경건축물인증컨설턴트",,,[1402]건축공학 기술자,[2312]건축공학 기술자,"[M721]건축기술, 엔지니어링 및 관련 기술 서비스업",2022,
녹색금융컨설턴트,"환경개선상품과 서비스에 자금을 제공하여 저탄소 녹색성장을 지원하는 녹색투자금융, 녹색보험, 녹색자산관리, 녹색소매금융에 대한 컨설팅업무를 수행한다.","경제활동 전반에 걸쳐 자원 및 에너지 효율을 높이고 환경을 개선하는 상품 및 서비스의 생산에 자금을 제공하여 국가 전체의 녹색성장을 이룰 수 있도록 유도하는 녹색금융(녹색펀드, 녹색예금, 녹색채권 등)을 개발하거나 소개한다. 친환경시설에 투자하는 기업이나 하이브리드자동차를 구입하는 개인에게 혜택을 주는 것처럼 기업과 개인의 생산·소비활동이 친환경적으로 이루어질 수 있도록 녹색금융상품을 개발한다.",14년 초과 ~ 16년 이하(대졸 정도),2년 초과 ~ 4년 이하,자료 (분석) / 사람 (자문) / 사물 (관련없음),가벼운 작업,-,실내,-,-,-,-,[0313]보험·금융상품 개발자,[2723]보험 및 금융 상품 개발자,[K649]기타 금융업,2013,-
녹색인증제도기획원,"녹색인증제도의 수요조사, 인증대상, 문제점 파악 및 개선 등을 통해 녹색인증제도의 운영을 기획한다.",녹색인증제도의 활성화를 위해 인증수요를 파악한다. 기술과 환경의 변화 동향을 조사하고 관련 분야의 전문가에게 자문을 구하여 인증분야를 제·개정한다. 인증제도 운영상의 문제점에 대한 개선방안을 기획한다. 관련 매체나 전시회 등에 참여하여 대외홍보활동을 한다. 녹색인증제도 관련 교육을 진행하기도 한다.,14년 초과 ~ 16년 이하(대졸 정도),2년 초과 ~ 4년 이하,자료 (조정) / 사람 (협의) / 사물 (관련없음),가벼운 작업,-,실내,-,,,,[0210]정부·공공행정 전문가,[2620]정부 및 공공 행정 전문가,[O842]사회 및 산업정책 행정,2013,
녹색인증제도운영원,녹색인증요청서를 검토하고 녹색인증심의위원회를 개최하여 심사결과에 따라 소관 중앙행정기관의 장에게 인증서 발급을 요청한다.,"녹색기술인증 활성화 방안을 기획한다. 저탄소녹색성장기본법 및 녹색인증제 운영요령 등 관련 제도의 제·개정업무를 수행한다. 관계부처, 국회, 감사 등 대외업무를 수행한다. 녹색인증정보시스템을 관리한다. 녹색기술인증 안내, 신청서 검토, 접수, 평가의뢰, 평가결과 확인, 인증서 발급업무를 수행한다. 인증심의위원회를 운영한다. 녹색인증 관련 통계를 관리한다. 녹색인증회원 및 관련 전문가를 관리한다. 각종 보고서를 작성하여 배포한다.",14년 초과 ~ 16년 이하(대졸 정도),1년 초과 ~ 2년 이하,자료 (수집) / 사람 (말하기-신호) / 사물 (관련없음),가벼운 작업,-,실내,-,,"녹색건축인증지원사무원, 녹색건축인증코디네이터",,[0254]국가·지방행정 사무원,[3114]국가 및 지방 행정 사무원,[O842]사회 및 산업정책 행정,2013,
녹음기사,"녹음장비를 이용하여 영화, 드라마, 음반 등의 제작에 사용되는 소리, 음악, 목소리 등을 녹음한다.","영화감독, 녹음기획자 및 음반기획자 등과 함께 녹음해야 할 대상, 대본 등을 확인하고 녹음 절차 및 방법 등을 논의한다. 녹음기 및 녹음장비를 조작하여 녹음할 대상을 각각 녹음한다. 믹싱장비(믹서)를 조작하여 각기 녹음된 대사, 음악, 효과음 등을 믹싱하거나 노래, 악기 연주음 등의 트랙을 믹싱하여 하나의 소리로 통합한다. 완성된 녹음내용을 수정하여 DAT(Digital Audio Tape), CD나 파일로 저장한다. 촬영된 필름에 배우들의 대사, 음향효과, 음악 등을 믹싱하는 업무를 전문으로 하기도 한다.",12년 초과 ~ 14년 이하(전문대졸 정도),4년 초과 ~ 10년 이하,자료 (분석) / 사람 (말하기-신호) / 사물 (제어조작),가벼운 작업,청각,실내,-,녹음엔지니어,"믹싱만 전문적으로 하는 경우 믹싱엔지니어, 영화 후반 녹음을 전문적으로 하는 경우 영화녹음기사",-,[4165]음향·녹음 기사,[2835]음향 및 녹음 기사,"[J591]영화, 비디오물, 방송프로그램 제작 및 배급업 / [J602]텔레비전 방송업",2012,-
녹음기획자,"학습교재, 음반, 홍보영상물 등을 만들기 위해 대본 작성, 참여자(성우 등) 섭외 등의 기획업무와 녹음연출을 한다.","녹음을 의뢰한 고객과 녹음 방향, 절차, 내용 등을 협의하고, 대본을 작성한다. 녹음에 참여할 인력(성우 등)을 섭외한다. 대본을 토대로 녹음기사와 녹음 순서, 절차 등을 협의한다. 대본에 맞추어 녹음기사와 녹음참여 인력에게 지시한다. 녹음에 필요한 음악을 선정한다. 녹음기획 충족 여부, 녹음의 질 등을 검토하여 녹음기사에게 수정을 지시한다. 최종 완성된 녹음내용을 의뢰한 고객에게 송부하며 수정 부분이나 문제점 등을 협의한다.",12년 초과 ~ 14년 이하(전문대졸 정도),10년 초과,자료 (조정) / 사람 (협의) / 사물 (관련없음),가벼운 작업,청각,실내,-,녹음디렉터,-,-,[4165]음향·녹음 기사,[2835]음향 및 녹음 기사,[J592]오디오물 출판 및 원판 녹음업,2012,-
녹화기사,"텔레비전 방송의 영상신호와 음향신호를 미디어(테이프, 하드디스크)에 수록하고 재생하는 녹화기를 조작한다.","카메라에 연결된 선로를 확인하고 녹화기의 가동상태를 확인한다. 녹화기를 조작하여 방송프로그램의 영상 및 음향신호를 저장미디어(테이프, 하드디스크, CD 등)에 수록한다. 영상의 구도 및 조명 등을 확인하기 위하여 모니터(Monitor)를 검토하고 잡음, 화면 떨림 등의 장애 원인을 제거한다. 편집기를 조작하여 방송시간에 맞도록 프로그램의 화면과 음향을 재편집하기도 하며 기기의 작동상태를 점검하기도 한다.",12년 초과 ~ 14년 이하(전문대졸 정도),4년 초과 ~ 10년 이하,자료 (분석) / 사람 (말하기-신호) / 사물 (제어조작),보통 작업,"청각
시각",실내·외,-,-,-,-,[4166]영상·녹화·편집 기사,[2836]영상·녹화 및 편집 기사,[J602]텔레비전 방송업,2012,-
놀이시터,바쁜 부모를 대신해 10세 이하 아이를 대상으로 가정을 방문하여 책을 읽어주거나 색종이 접기 등 함께 놀이를 한다.,"부모와의 상담을 통해 부모와 아이가 원하는 활동, 원치 않는 활동, 주의해야 할 사항 등을 파악한다. 부모를 대신해서 아이가 원하는 책을 읽어주거나 블록놀이, 색칠놀이, 색종이 접기 등 상황에 맞춰 다양한 활동을 한다. 부모가 돌아오면 아이의 일과와 특이사항을 보고하고 부모에게 아이를 인계한다.",9년 초과 ~ 12년 이하(고졸 정도),시범후 30일 이하,자료 (비교) / 사람 (관련없음) / 사물 (단순작업),가벼운 작업,-,실내·외,-,"놀이선생님, 놀이쌤, 플레이튜터",-,-,[2153]교사보조 및 보육보조 서비스 종사원,[4212]보육 및 교사 보조 서비스 종사원,[S969]그 외 기타 개인 서비스업,2019,-
놀이치료사,아동들이 갖고 있는 심리적 부적응이나 발달상의 문제를 놀이라는 매체를 통해 원인을 평가하고 진단 및 치유한다.,"보호자 또는 아동과 상담하여 아동의 개인발달사항, 가족관계, 학습활동 등을 조사하고 기록한다. 각종 검사를 실시하여 심리적 문제의 유형 및 정도를 판별하고 진단한다. 의료진단서, 검사결과지, 상담기록지 등의 자료를 토대로 아동의 상태를 진단한다. 놀이기구를 설치한 놀이방에서 아동이 선택한 기구로 놀이를 진행한다. 사회관계 형성·유지에 필요한 능력을 진단하거나 이를 증진시키기 위해 집단적 치료활동을 수행한다. 놀이치료가 끝난 후에는 아동 및 보호자를 상대로 지도활동을 하고, 결과보고서를 작성한다. 아동의 상태변화를 확인하고, 추후 놀이치료의 방향을 계획한다. 교육기관, 의료기관, 아동상담센터 등의 자문역할을 수행한다. 놀이기구에 관한 정보를 수집하고, 직접 구매하기도 한다.",14년 초과 ~ 16년 이하(대졸 정도),1년 초과 ~ 2년 이하,자료 (조정) / 사람 (교육) / 사물 (관련없음),가벼운 작업,손사용,실내,-,-,"아동상담사, 아동치료사, 행동치료사, 아동심리치료사",-,[3069]기타 치료·재활사 및 의료기사,[2459]기타 치료·재활사 및 의료기사,[Q869]기타 보건업,2017,-
농기계운전원,농가의 작업능률과 노동생산성을 향상시키기 위하여 한 가지 또는 그 이상의 동력농기계와 장비를 조작·운전한다.,"작업계획서에 명시된 사용기종·작업면적·작업소요시간·작업순서 등을 참조하여 각종 소요 자재를 준비한다. 사전에 운전. 조작요령과 안전수칙을 숙지한다. 농기계에 연료를 주입하고, 부품에 오일을 주입하거나 바르고 기계의 작동상태를 검사한다. 자동추진 밭갈이, 심기, 수확, 포장 또는 기타 특수용도에 필요한 장비를 기계에 부착한다. 작업의 종류에 맞는 기계를 선택하여 이랑을 만들고, 작물을 자르고, 뽑고, 파내고, 파종·탈곡·절단하고, 자루에 넣고 포장하는 기계를 조작 운전한다.작업일지에 기계종류·작업명·소요시간·능률 등을 기록한다. 기계의 고장 시 수리를 의뢰한다.",9년 초과 ~ 12년 이하(고졸 정도),1년 초과 ~ 2년 이하,자료 (비교) / 사람 (관련없음) / 사물 (조작운전),힘든 작업,"손사용
시각",실내·외,"대기환경미흡
위험내재
소음·진동","농기기조작운전원, 농기계운전원","건조기운전원, 경운기운전원, 이앙기운전원, 콤바인운전원, 탈곡기운전원, 트랙터운전원, 파종기운전원",농기계운전기능사,[7040]건설·채굴 기계 운전원,[8750]건설 및 채굴기계 운전원,[A014]작물재배 및 축산 관련 서비스업,2022,
농산물규격관리원,"농산물의 유통능률 향상 및 공정거래를 위하여 곡류, 과실류, 채소류 등의 등급 기준과 포장재 규격에 관한 기초자료를 조사하고, 농산물의 규격관리를 위한 제반 업무를 수행한다.","산지나 공판장 등에서 농산물 감정방법이나 유통정보 조사요령에 따라 규격을 도출하여 표준출하규격 제정 및 개정에 반영한다. 품목별 유통단위나 유통과정에서 손상을 방지할 수 있는 포장재의 강도, 신선도 유지에 필요한 포장방법을 연구한다. 적당 단위량과 포장재 치수를 도출하여 규격에 반영한다. 특정지역에서 생산되거나 특징적으로 재배된 농산물 중에서 고품질이고 특색이 있는 농산물을 대상으로 품질인정마크를 인정해 준다.",12년 초과 ~ 14년 이하(전문대졸 정도),2년 초과 ~ 4년 이하,자료 (분석) / 사람 (감독) / 사물 (정밀작업),가벼운 작업,-,실내·외,-,-,-,-,[1223]농림어업 시험원,[2132]농림·어업 관련 시험원,[O842]사회 및 산업정책 행정,2012,-
농산물세척원,"마늘, 고추, 양파 등의 농산물을 세척한다.","작업대 위에 세척할 농산물을 올려놓고, 칼을 사용하여 잔뿌리나 필요 없는 줄기를 제거한다. 손으로 껍질을 벗기거나 털어서 이물질을 먼저 제거한다. 세척탱크의 급수밸브를 열어 일정량의 물을 급수한 후, 농산물을 투입한다. 농산물에 부착된 이물질을 세척하고, 깨끗한 물이 채워진 통에 다시 세척한다. 금속망이 부착된 건조대 위에 세척한 농산물을 올려 물기를 제거한다. 제거한 뿌리, 줄기 등의 이물질을 모아 소각장으로 운반한다. 작업대 위를 세척하고 다음 작업을 준비한다.",9년 초과 ~ 12년 이하(고졸 정도),시범후 30일 이하,자료 (비교) / 사람 (관련없음) / 사물 (수동조작),보통 작업,-,실내,대기환경미흡,-,"배추세척원, 단무지세척원",-,[8722]김치·밑반찬 제조 종사원,[7105]김치 및 밑반찬 제조 종사원,[C107]기타 식품 제조업,2016,-
농산물안전성검사원,"농산물 또는 농산물 생산에 사용하는 농지, 용수, 자재 등에 잔류하거나 포함되어 있는 유해물질에 대한 안전성을 조사한다.","농산물유통업체로부터 농산물의 잔류농약안전성에 대한 검사의뢰를 받아 검사계획을 수립한다. 출하전 산지나 판매 전 유통업체에서 시료를 채취한다. 산지에서 시료를 채취하는 경우 불시에 검사대상자에게 방문통보를 한 후 검사할 시료를 채취하여 검사대상 농업인이 공동서명을 하여 시료를 비닐팩에 밀봉한다. 시료수거내역서를 발급하여 한 장은 시료를 밀봉한 팩에 붙이고 한 장은 농업인에게 준다. 채취한 시료를 검사센터에 제출하여 다양한 검사(GC-MS/MS, GC-MS, GC-ECD, GC-NPD, HPLC 등)를 통한 잔류농약분석을 의뢰한다. 분석결과를 식품농약잔류허용기준치에 따라 성적서를 작성하여 의뢰인에게 보낸다. 잔류농약이 허용치보다 높을 때에는 불합격성적서를 발송하여 적절한 조치가 이루어지도록 한다.",14년 초과 ~ 16년 이하(대졸 정도),2년 초과 ~ 4년 이하,자료 (분석) / 사람 (관련없음) / 사물 (정밀작업),가벼운 작업,-,실내,-,-,-,-,[1223]농림어업 시험원,[2132]농림·어업 관련 시험원,[O842]사회 및 산업정책 행정,2012,-
농산물조사원,"농산물의 원산지표시관리, 국적식별방법 개발, 농산물의 소요량 및 작황조사, 저장곡 물의 병해충발생 상황조사 등의 업무를 수행한다.",농·축·임산물의 국적식별을 위하여 이화학적 분석과 육안식별방법을 연구·개발한다. 원산지나 생산지를 표시하도록 지도한다. 농산물의 소요량을 조사하여 수출입농산물의 국내 부정유통을 방지한다. 주요 농산물의 작황을 시기별로 파악하여 농산물 검사 및 유통관리자료로 활용한다. 보관된 정부양곡에 발생하는 해충의 종류와 발생상황을 조사하여 저장양곡이나 부산물 등에서 발생하는 해충의 방제 및 예방의 기초자료로 활용한다. 해충으로 인한 경제적 손실량을 조사하여 농산물수급의 자료로 활용한다.,12년 초과 ~ 14년 이하(전문대졸 정도),2년 초과 ~ 4년 이하,자료 (수집) / 사람 (협의) / 사물 (관련없음),가벼운 작업,-,실내·외,-,-,-,-,[1223]농림어업 시험원,[2132]농림·어업 관련 시험원,[O842]사회 및 산업정책 행정,2012,-
농수산물경매사,공영 도매시장에서 농산물과 수산물을 입찰자에게 경매한다.,"경매 일시와 장소를 조정하고 경매할 품목의 우선순위를 조정한다. 상품의 선호도, 품질, 타 도매시장의 경락가격 및 물량 등을 파악한다. 시장 내의 물량 재고량, 소비자의 소비성향 등 다양한 정보를 수집한다. 구매자의 동향을 면밀하게 관찰하여 경쟁 입찰을 자극하고 수지식, 기록식, 서면입찰식, 전자식 등으로 경매를 진행한다. 상품의 경매를 마감시키고, 최고가 입찰가격을 제시한 고객에게 낙찰결과를 선언하여 알린다. 경매가 끝난 후에 상품의 입찰을 의뢰한 쪽과 입찰자를 관리하고 문제점을 파악한다.",9년 초과 ~ 12년 이하(고졸 정도),2년 초과 ~ 4년 이하,자료 (분석) / 사람 (설득) / 사물 (관련없음),가벼운 작업,"손사용
시각",실내·외,-,-,"경매하는 품목에 따라 가축경매사, 양곡경매사, 화훼경매사, 산지경매사, 수산물경매사, 약용작물경매사, 청과물경매사, 농산물경매사","경매사(약용), 경매사(양곡), 경매사(축산), 경매사(청과), 경매사(화훼), 경매사(수산), 산지경매사",[6125]상품 중개인 및 경매사,[2744]상품 중개인 및 경매사,[G461]상품 중개업,2013,-
농약비료판매원,대량 구매 고객이나 소비자에게 각종 농약과 비료를 판매한다.,"고객에게 각종 농약(종자소독제, 살충제, 살균제, 살비제, 제초제, 토양살충제, 생장조절제 등)과 비료(요소, 질소, 복합비료, 인산비료 등)의 사용법과 안전사용기준 등에 관한 정보를 제공하여 구입하도록 돕는다. 동시 공동방제를 홍보하여 방제효과를 높이도록 홍보한다. 농업용 비닐, 마대, 끈, 씨앗 등을 판매하기도 한다. 고객이 구입한 상품을 포장하여 주기도 하고 배달하기도 한다. 매입·매출이나 재고상태를 파악하고 장부를 정리한다. 상점과 창고의 상태를 수시로 확인하고 관리한다.",9년 초과 ~ 12년 이하(고졸 정도),6개월 초과 ~ 1년 이하,자료 (수집) / 사람 (설득) / 사물 (단순작업),보통 작업,-,실내,-,-,-,-,[6151]상점 판매원,[5212]상점 판매원,[G467]기타 전문 도매업,2013,-
농약안전성연구원,"농약의 이화학, 독성, 잔류성, 생물활성을 평가하여 우수하고 안전한 농약사용기술을 연구·개발한다.","농약의 안전사용기준을 설정하기 위한 연구를 한다. 인체에 안전한 농산물을 생산하기 위한 기술을 개발한다. 농약의 독성시험기준과 방법 설정 및 개선 연구, 농약의 독성이 인체에 축적될 때 미치는 영향을 연구한다. 농약이 환경생태에 미치는 독성에 관한 연구를 통하여 해결방안을 수립한다. 농산물 잔류농약을 모니터링하고 노출 및 위해성 평가 연구를 하며, 가공에 의한 잔류농약의 실질적인 섭취에 의한 안전성을 평가한다. 재배환경에서 농약의 잔류전이 이동에 관해 검토 및 평가를 해 잔류농약 경감기술을 개발한다. 농약의 안전성에 대한 종합평가기술을 개발한다. 농약의 원제(약제를 제제할 때 사용하는 유효성분 함유 물질), 제품의 규격설정에 관한 시험 및 연구를 한다. 농약의 사용실태에 관한 조사를 통하여 적절한 사용방법을 연구한다. 농약에 투입되는 원·부제의 특성을 분석하기 위한 연구를 한다. 등록신청농약의 인축(人畜:사람과 가축) 및 생태위해성 평가를 한다.",16년 초과(대학원 이상),2년 초과 ~ 4년 이하,자료 (분석) / 사람 (관련없음) / 사물 (정밀작업),가벼운 작업,시각,실내·외,대기환경미흡,-,"환경농약잔류연구원, 농약안전성평가연구원, 작물농약잔류연구원",-,[1541]화학공학 기술자 및 연구원,[2321]화학공학 기술자 및 연구원,[C204]기타 화학제품 제조업 / [M701]자연과학 및 공학 연구개발업,2016,-
농약연구원(일반),"농약의 이화학, 독성, 잔류성, 생물활성을 평가하여 우수하고 안전한 농약사용기술을 연구·개발한다.","재배작물에 발생하는 병해충 및 잡초를 파악한다. 작물에 따라 병해충과 잡초의 피해 정도를 파악하고 발생시기와 방제적기에 관한 자료를 수집한다. 병충해의 동시방제가능성, 약효증진, 농약비의 절감, 노동력의 절감, 인간이나 가축에 대한 안전성 및 환경보전가능성 등을 고려하여 각종 실험기기나 농약의 원·부자재를 혼합하여 농약을 개발한다. 농약제조 시 사용되는 여러 가지 부자재의 화학적 특성을 조사하고, 농약원제에 함유되어 있는 불순물의 종류와 함량을 분석하여 농약제품의 안전성을 확보한다.",16년 초과(대학원 이상),2년 초과 ~ 4년 이하,자료 (종합) / 사람 (관련없음) / 사물 (정밀작업),가벼운 작업,시각,실내·외,대기환경미흡,-,"환경농약잔류연구원, 농약안전성평가연구원, 작물농약잔류연구원",-,[1541]화학공학 기술자 및 연구원,[2321]화학공학 기술자 및 연구원,[C204]기타 화학제품 제조업 / [M701]자연과학 및 공학 연구개발업,2016,-
농약잔류연구원,농약의 안전사용 기준설정에 필요한 자료를 확보하기 위해 토양 및 작물체 중의 농약잔류 수준을 평가하는 연구를 수행한다.,"분석·실험을 위하여 토양 및 작물에 농약을 살포한다. 토양을 채취하고 작물을 수확한다. 농약성분을 추출하고 유기용매를 사용하여 분액한다. 분액에서 불순물을 제거하고 농축하여 분석한다. 토양 및 작물체 중 미량(ppm, ppb 수준)으로 존재하는 농약의 잔류량을 분석할 수 있는 분석법을 개발한다. 확립된 분석법을 이용하여 대상 시료에 대한 분석을 실시한다.",14년 초과 ~ 16년 이하(대졸 정도),4년 초과 ~ 10년 이하,자료 (종합) / 사람 (관련없음) / 사물 (정밀작업),가벼운 작업,-,실내,"대기환경미흡
위험내재",-,-,-,[1541]화학공학 기술자 및 연구원,[2321]화학공학 기술자 및 연구원,[C204]기타 화학제품 제조업 / [M701]자연과학 및 공학 연구개발업,2016,-
농약품질관리원,"농약의 품질을 관리하기 위하여 이화학, 유효성분, 물리성 등의 검사 기준 및 방법을 설정하고 농약의 품질관리를 위한 제반 업무를 수행한다.","시중에 유통 중인 농약의 시료를 채취한다. 분석기관에 시료 분석을 의뢰하여 품목고시용 농약의 검사 및 농약원제의 유해성분을 검사한다. 검사 결과, 불합격 농약은 시·도 및 해당 제조업자에 내용을 통보하여 봉인 및 전량 수거 조치를 하고, 불합격 농약 제조 및 수입업자에 대해 행정조치를 하도록 통보한다. 불합격 농약 제조 및 수입업자의 명단도 공개한다. 수출용 농약의 제조능력을 조사하고, 원자재소요량 증명서를 발급한다. 농약의 이화학적 분석방법을 설정하고 고시한다. 농약제조시설을 조사하여 적합 여부를 판정한다. 무등록 제조업체(수입업체), 판매업소를 단속해 시도지사에 통보하고 행정조치 및 고발 등을 한다.",12년 초과 ~ 14년 이하(전문대졸 정도),2년 초과 ~ 4년 이하,자료 (분석) / 사람 (관련없음) / 사물 (정밀작업),가벼운 작업,"웅크림
시각",실내,대기환경미흡,농약품질보증원,농약효과검사원,"농산물품질관리사, 품질경영기사, 품질경영산업기사",[1542]화학공학 시험원,[2322]화학공학 시험원,[C204]기타 화학제품 제조업 / [O842]사회 및 산업정책 행정,2016,-
농약활성연구원,활성미지물에 대한 농약의 이용가능성을 평가하고 농업생물의 생리·생태·생화학적인 특성을 규명하여 환경조화형 신농약을 개발하며 그 생명현상에 대한 활용성을 연구한다.,"농업유해 생물의 유해성과 방제의 경제적 가치를 조사하여 그 종을 균일한 실험재료로 확보하여 유지·증식한다. 활성미지물의 유해생물에 대한 방제 여부와 방제가능 약량(藥量:약을 쓰는 분량)을 조사한다. 유해생물에 활성을 나타내는 물질에 대하여 그 작용특성과 활성의 변동요인을 다각도로 검토하여 생물적 효과의 장·단점을 평가한다. 약제의 처리적기, 처리방법, 토양 중의 분해대사, 제형 등을 실제 약제가 사용될 야외 포장조건에서 검토한다. 작용점에서의 감수성 및 약제의 흡수, 이행, 대사성을 조사하여 표적생물과 비표적생물 간의 선택성을 규명하고, 저항성종의 출현에 대비한다. 표적생물에 대한 증상과 물질의 구조로부터 작용가능 기작을 선정하고 이와 관련된 생리화학적 실험을 통하여 작용기작을 규명한다. 물질의 구조와 생리활성과의 관계를 작용수준점에서 평가하여 적합한 화합물의 합성을 유도하고 생물의 생리화학적 정보로부터 새로운 작용점의 탐색과 그 검정기술을 확립한다. 합성물 및 자연계로부터의 새로운 모핵(母核)을 탐색함으로써 환경조화형 농약의 개발을 선도한다. 농업생물의 생명현상을 규명하고 기능의 활용성을 다각도로 연구한다.",16년 초과(대학원 이상),4년 초과 ~ 10년 이하,자료 (종합) / 사람 (관련없음) / 사물 (정밀작업),가벼운 작업,시각,실내·외,대기환경미흡,-,-,-,[1541]화학공학 기술자 및 연구원,[2321]화학공학 기술자 및 연구원,[C204]기타 화학제품 제조업 / [M701]자연과학 및 공학 연구개발업,2016,-
농어업온실가스연구원,"농림어업분야 온실가스 배출량 평가, 온실가스 저감을 위한 재배기술개발 및 관련 연구를 한다.","물관리 개선, 가축분뇨 처리향상, 지열활용 등 농림어업분야의 온실가스배출 원천저감을 위한 기술개발을 한다. 의무감축 목표를 달성하기 위한 저탄소 농법도입, 시설원예 에너지절감, 도시농업활성화, 반추가축의 장내발효개선, 분뇨의 적정처리 등을 연구한다. 밭과 논에서 발생하는 아산화질소의 배출현황, 특성, 배출량 평가방법을 분석해 농식품분야의 온실가스를 줄이기 위한 재배기술 등을 연구·개발한다. 유기물 사용, 경운관리, 물관리, 질산화억제제 사용, 작부체계 등 아산화질소 발생감축을 위한 재배기술연구를 한다. 녹비비료를 이용해서 화학비료의 부작용을 줄이는 방법을 연구하고 효과를 분석한다. 관개수의 사용량을 줄이면서도 아산화질소를 낮추고 일정한 토양수분장력을 유지할 수 있는 방법을 연구한다. 탄소상쇄제도, 저탄소인증제 등을 연구하고 농림어업분야의 온실가스감축을 위한 정책을 개발한다. 그 외에 연구원(일반)이 수행하는 일반적인 업무를 수행한다.",16년 초과(대학원 이상),1년 초과 ~ 2년 이하,자료 (분석) / 사람 (관련없음) / 사물 (정밀작업),가벼운 작업,-,실내,-,-,-,-,[1211]자연과학 연구원,[2112]자연과학 연구원,[M701]자연과학 및 공학 연구개발업,2012,-
농업경영연구원,"농업을 경영하는 농가 및 농업법인체의 경영관리기술과 작물별 경영기술을 연구·개발하고, 이를 보급한다.",농업 관련 각종 시험연구 결과의 경제성을 분석한다. 농업법인체의 경영관리기술을 개발하고 보급하기 위한 연구를 한다. 작목별 경영기술의 개발과 보급을 위한 연구를 한다. 농가경영에 대한 농업법인체 및 농가의 문의사항에 대한 상담 및 지도자료를 개발하고 보급한다. 농가의 농축산물 판매활동을 분석하고 개선방향을 연구한다. 그 외에 연구원(일반)이 수행하는 일반적인 업무를 수행한다.,16년 초과(대학원 이상),2년 초과 ~ 4년 이하,자료 (종합) / 사람 (자문) / 사물 (정밀작업),보통 작업,웅크림,실내·외,-,-,"농업경영개선을 위한 전문분야에 따라 농업경영구조연구원, 작물경영연구원, 과수화훼경영연구원, 채소경영연구원, 축산경영연구원, 농가경영정보연구원",-,[1102]사회과학 연구원,[2122]사회과학 연구원,[M701]자연과학 및 공학 연구개발업,2012,-
농업교사,농업계열 고등학교에서 학생들에게 농업에 대한 지식과 기술을 가르치기 위하여 농업 및 관련 과목을 전문으로 교육한다.,"농업경영, 농업기계기술, 농업토목기술, 사육기술, 식품가공기술, 원예기술, 유통관리, 재배, 조경기술, 축산 등의 전문교과목 중 하나 또는 그 이상의 과목을 교육한다. 각 분야에 관련된 전문기술을 실험실습을 통하여 습득하게 함으로써 실기능력 배양에 중점을 둔다. 교과서 및 시청각자료 등 다양한 학습자료를 활용하여 수업을 진행한다. 과제를 내주고 결과를 검토 및 지도한다. 시험을 출제하고 학생의 성적을 평가한다. 전문교과목에 관련된 실기교사(중등교육기관)의 직무를 수행하기도 한다.",14년 초과 ~ 16년 이하(대졸 정도),2년 초과 ~ 4년 이하,자료 (분석) / 사람 (교육) / 사물 (관련없음),가벼운 작업,언어력,실내·외,-,-,"전문교과목에 따라 식물자원교사, 동물자원교사, 농업경영교사, 농업토목교사, 식품가공교사, 농업기계교사, 조경교사, 농산물유통교사, 환경보존교사",중등학교정교사,[2121]중·고등학교 교사,[2521]중·고등학교 교사,[P852]중등 교육기관,2012,-
농업기계검사원,"트랙터, 이앙기, 콤바인, 경운기, 탈곡기, 관개배수용펌프 및 전동기 등 각종 농업기계를 검사·검정한다.","농업기계검사를 위하여 의뢰자의 신청서를 접수하고 검사계획을 수립한다. 검사표준서에 따라 검사장치를 준비하고 점검한다. 농기계의 기종에 따라 형식검사와 사후검사로 나누어 검사한다. 종합검정 및 기술지도검정에 따라 기종형식, 규격, 성능, 안전성, 국제규범, 조작의 난이도검사를 실시한다. 성적심의 및 적부판정을 하여 검사성적서를 발급한다. 검사표준을 설정하기 위하여 검사기준 및 방안을 작성한다. 학계, 관련업체, 관련기관, 판매업소 및 사용자로 구성된 검사협의회에 상정하여 심의한다. 제품의 하자부분을 판정하고 불량부분을 기록하여 보고한다. 검정기준 및 방법, 개정사항을 관계규정에 고시한다. 관련업체와 협의하여 검정방법을 확정하여 통보한다.",12년 초과 ~ 14년 이하(전문대졸 정도),2년 초과 ~ 4년 이하,자료 (분석) / 사람 (관련없음) / 사물 (수동조작),가벼운 작업,"균형감각
웅크림
시각",실내·외,"대기환경미흡
위험내재
소음·진동",-,-,"농업기계기사, 농업기계산업기사",[1513]기계·로봇공학 시험원,[2353]기계 및 로봇공학 시험원,[C292]특수 목적용 기계 제조업,2015,-
농업기계수리원,"트랙터 및 경운기, 양수기 등 농업용 기계와 설비를 유지 및 정비한다.","기중기, 해머, 수동용 공구를 사용하여 고장 및 파손된 농업용 기계를 분해·점검한다. 각종 벨트의 헐거움이나 냉각장치, 윤활장치, 시동장치 등을 테스터기 또는 육안으로 점검하여 엔진의 상태를 점검한다. 각 부품의 마모정도와 손상을 육안 또는 청각으로 조사하여 이상이 있는 부품을 교체하거나 정비한다. 정비 후 시운전을 하여 이상 유무를 확인하고, 부품의 조립상태를 점검한다. 농기구를 점검 및 수리하기도 하고 각종 펌프의 설치 및 유지 보수업무를 하기도 한다.",9년 초과 ~ 12년 이하(고졸 정도),1년 초과 ~ 2년 이하,자료 (수집) / 사람 (관련없음) / 사물 (정밀작업),보통 작업,"웅크림
손사용",실내,"위험내재
소음·진동",농업용기계정비원,농업용기계공무원,"농기계정비기능사, 기계정비기능사, 기계정비산업기사",[8119]농업용 및 기타 기계장비 설치·정비원,[7539]농업용·기타 기계장비 설치 및 정비원,[C340]산업용 기계 및 장비 수리업,2015,-
농업기계화연구원,농업기계의 기반기술을 연구·개발하고 농작업의 효율성 향상을 도모한다.,"에너지절감용 농업기계, 농업기계구조 및 내구성 향상기술, 기존 농업기계의 용도제고 등을 연구한다. 농경지에서 사용되는 파종관리기계, 수확기계, 시설원예기계, 축산기계, 정밀농업기계 등의 농기계를 개발·개량하기 위한 연구를 한다. 고품질의 농산물을 건조·저장·가공하여 유통하기 위한 조제가공기계, 건조기계, 선별포장기계, 저장·유통기계 등에 대한 기술개발 및 실용화를 위한 연구를 한다. 농업기계의 보급, 이용, 기술훈련, 사후관리, 안전관리에 대한 연구를 한다.",16년 초과(대학원 이상),2년 초과 ~ 4년 이하,자료 (종합) / 사람 (자문) / 사물 (정밀작업),보통 작업,-,실내·외,"대기환경미흡
위험내재",-,"농업생산기계연구원, 농산가공기계연구원","농업기계기사, 농업기계산업기사, 기계기술사",[1511]기계공학 기술자 및 연구원,[2351]기계공학 기술자 및 연구원,[M701]자연과학 및 공학 연구개발업,2015,-
농업기술정보화연구원,농업 관련 정보를 개발하고 정보를 농가 및 농업법인체 등에 제공하기 위한 연구를 한다.,"농업 관련 시험연구의 통계모형과 통계분석프로그램을 개발하기 위한 연구를 한다. 농업과학기술을 개발·보급하기 위한 전산시스템을 구축한다. 농업연구에 대한 각종 기술정보의 전산화 및 농업용 각종 프로그램을 개발하고 보급한다. 농촌진흥사업을 위한 전산장비의 관리 및 전산망의 운영과 교육을 한다. 농업 관련 각종 정보를 관리하고 체계적으로 보존한다. 국내외 농업기술에 관한 문헌정보를 수집하고 관리한다. 농업 관련 문헌정보의 이용 및 기술정보의 개발과 유지, 관리를 한다. 그 외에 연구원(일반)이 수행하는 일반적인 업무를 수행한다.",16년 초과(대학원 이상),2년 초과 ~ 4년 이하,자료 (종합) / 사람 (말하기-신호) / 사물 (정밀작업),보통 작업,-,실내·외,-,-,"농업기술정보를 개발하고 보급하기 위한 전문분야에 따라 농업정보개발연구원, 농업통계분석연구원",-,[1221]생명과학 연구원,[2111]생명과학 연구원,[M701]자연과학 및 공학 연구개발업,2012,-
농업단순노무자,숙련 농업종사원을 도와서 농사일을 보조한다.,농지의 용수를 공급하고 배수하기 위한 목적으로 도랑을 파거나 삽질을 한다. 각종 농산물을 싣고 내린다. 건초를 손질하여 쌓는다. 농산물에 물을 주고 제초작업을 한다. 가축에게 사료 또는 물을 주고 축사를 청소한다.,6년 초과 ~ 9년 이하(중졸 정도),시범후 30일 이하,자료 (비교) / 사람 (관련없음) / 사물 (단순작업),힘든 작업,웅크림,실내·외,대기환경미흡,-,-,-,[9050]농림어업 단순 종사원,[9910]농림·어업 관련 단순 종사원,[A011]작물 재배업,2017,-
농업드론방제사,"농작물 재배 시 발생할 수 있는 병충해 등을 방제하기 위하여 살포계획을 수립하고 살포장비를 점검하여 드론을 조종하며 논, 밭 등에 농약을 살포한다.","방제 장비 운용절차 파악, 방제지역 특성파악, 방제지역 병충해 특성파악, 방제작업 피해 예상지역 파악, 살포면제에 따른 약제충전량 계산 등 살포계획을 수립한다. 살포장비의 가동여부, 살포약제 특성파악, 살포지역 특성, 이착륙 지역 파악 등 살포장비를 점검한다. 드론을 적정한 장소에 설치하고 조정기를 조정하여 약제를 살포한다. 살포과정을 모니터링하고 필요시 드론을 재조정한다. 방제 결과를 확인 평가한다. 드론 조종이 끝나면 드론을 회수하고 장비를 세척한다. 드론 및 조종기구에 이상이 없는지 점검한다. 필요시 드론을 수리 및 정비하기도 한다.",9년 초과 ~ 12년 이하(고졸 정도),6개월 초과 ~ 1년 이하,자료 (수집) / 사람 (말하기-신호) / 사물 (제어조작),가벼운 작업,-,실내·외,-,-,-,초경량비행장치조종자격,[8859]주입·포장·상표부착기 및 기타 기계 조작원,[8990]기타 기계 조작원,[P856]기타 교육기관,2019,-
농업생화학연구원,농업 관련 신물질 및 신품종에 대한 기초기술 개발을 위하여 생체의 효소특성 및 생리대상에 관한 연구를 한다.,"생체의 효소특성 및 생리대상에 관한 연구를 한다. 핵산물질의 구조, 재조합 및 전환에 관한 연구를 한다. 방사성 및 비방사성 동위원소를 이용한 작물대상에 관한 연구를 한다. 방사성물질의 이용 및 안전관리에 대한 기술지원을 한다. 약리활성물질의 개발에 따른 이용에 관한 연구를 한다. 유전자 재조합에 따른 작물의 안전성에 대한 연구를 한다. 생물자원에 관한 국제협약과 관련하여 대책 및 방안을 수립한다. 그 외에 연구원(일반)이 수행하는 일반적인 업무를 수행한다.",16년 초과(대학원 이상),2년 초과 ~ 4년 이하,자료 (종합) / 사람 (말하기-신호) / 사물 (정밀작업),보통 작업,웅크림,실내·외,-,-,"농업생화학에 대한 전문연구분야에 따라 기능성물질생합성연구원, 대사조절연구원, 생물화학농약연구원, 천연물화학연구원, 농업유해물질안전성관리연구원, 농산물위생품질관리연구원, 축산물위생품질관리연구원, 잔류농약중금속독성연구원, 미생물독소연구원",-,[1221]생명과학 연구원,[2111]생명과학 연구원,[M701]자연과학 및 공학 연구개발업,2012,-
농업용수관리기획원,효율적인 농업용수를 관리하기 위한 정책개발 및 제도개선을 위한 기획을 한다.,농업생활용수를 포함한 농업용수의 이용 및 관리에 대한 중·장기계획을 수립한다. 용수관리 정책개발 및 제도개선을 위한 계획을 수립하고 시행한다. 농업용수를 이용하는 관리대상구역 및 대상에 대한 선정 및 변경에 대한 업무를 수행한다. 물관리 관련 제 법규에 대한 검토 및 개정에 관한 업무를 한다. 용수관리에 대한 현황조사 및 효율화 방안을 연구한다. 농업용수에 관한 체계적인 관리를 위한 정보의 전산화를 추진한다.,14년 초과 ~ 16년 이하(대졸 정도),4년 초과 ~ 10년 이하,자료 (수집) / 사람 (말하기-신호) / 사물 (관련없음),보통 작업,-,실내·외,-,,,,[0254]국가·지방행정 사무원,[3114]국가 및 지방 행정 사무원,[A014]작물재배 및 축산 관련 서비스업,2013,
농업용수관리자,농작물 재배에 필요한 농업용수를 공급하기 위하여 용수 및 수리시설물을 관리한다.,수리시설물에 저장된 유량 및 저수량을 관리한다. 농업용수의 수질을 관리한다. 기상분석 및 기상예측 자료를 수집하여 수리시설물에 저장된 용수를 적절하게 관리한다. 수리시설물의 안전점검을 통한 안전관리를 한다. 시설물의 개·보수에 대한 계획을 수립하고 공사관리를 한다. 재해로 인한 시설물의 피해를 복구하기 위한 계획을 수립하고 시행한다.,14년 초과 ~ 16년 이하(대졸 정도),2년 초과 ~ 4년 이하,자료 (조정) / 사람 (협의) / 사물 (정밀작업),보통 작업,균형감각,실내·외,-,-,-,-,[1223]농림어업 시험원,[2132]농림·어업 관련 시험원,[A014]작물재배 및 축산 관련 서비스업,2021,-
농업해충연구원,농업에 영향을 미치는 해충에 대한 종합관리기술을 개발하기 위한 연구를 한다.,"해충 및 익충의 분류, 동정 및 분포에 관한 연구를 한다. 해충의 생리, 생태 및 피해해석에 관한 연구를 한다. 해충에 대한 작물의 저항성에 관한 연구를 한다. 해충방제용 천적자원의 개발 및 이용에 관한 연구를 한다. 해충의 종합관리기술개발에 관한 연구를 한다. 해충방제 및 약제저항성에 관한 연구를 한다. 우수살충제의 선정 및 사용방법에 관한 시험과 연구를 한다. 식물기생 선충(線蟲:선형(원형)동물에 속하는 실모양의 벌레)의 분류·동정, 생리·생태 및 방제에 관한 연구를 한다. 그 외에 연구원(일반)이 수행하는 일반적인 업무를 수행한다.",16년 초과(대학원 이상),2년 초과 ~ 4년 이하,자료 (종합) / 사람 (말하기-신호) / 사물 (정밀작업),보통 작업,"웅크림
시각",실내·외,-,-,"농업에 영향을 미치는 해충에 관하여 연구하는 전문분야에 따라 곤충분류연구원, 곤충생리생태연구원, 해충천적연구원, 해충방제연구원, 선충연구원",-,[1221]생명과학 연구원,[2111]생명과학 연구원,[M701]자연과학 및 공학 연구개발업,2012,-
농업환경생태연구원,각종 환경오염 및 기후변화로부터 농업환경 및 생태계를 보전하기 위한 연구를 한다.,"토양과 농작물에 대한 유해물질조사 및 안전기준을 설정한다. 각종 유해물질에 대한 농작물 피해분석을 통한 농작물 피해예방과 안전농작물 생산을 위한 연구를 한다. 농업과 관련된 폐기물 조사 및 농업적 이용성 평가와 폐기물에 의한 환경영향평가방법을 개발하여 유용한 폐자원의 농업적 활용과 관리기술의 개발 및 농업환경오염방지를 위한 연구를 한다. 친환경농업기술을 개발하고 농가에 보급한다. 농업환경변동에 따른 농업환경평가에 대한 연구를 통하여 체계적인 친환경농업관리를 개발한다. 농업환경변화에 따른 농업생태계의 영향평가, 농경지 미소동물(微小動物:육안으로 보이지 않는 동물)의 생태와 기능평가 등을 통한 농업생태계의 안정화 및 지속성 확보를 위한 기술개발을 연구한다. 기후에 따른 농업자원 분포 및 변동조사, 농경지 온실가스배출 저감기술개발 등에 대한 연구를 한다. 농업기후평가 및 감시로 농작물 생산의 안전성 확보와 기상재해에 대한 대책을 수립한다. 그 외에 연구원(일반)이 수행하는 일반적인 업무를 수행한다.",16년 초과(대학원 이상),2년 초과 ~ 4년 이하,자료 (종합) / 사람 (말하기-신호) / 사물 (정밀작업),보통 작업,웅크림,실내·외,"대기환경미흡
위험내재
소음·진동",-,"농업환경생태를 연구하는 전문분야에 따라 농업환경오염연구원, 농업폐자원관리연구원, 농업환경영양평가연구원, 농업생태계연구원, 농업기상연구원, 식물검역연구원, 형질전환식물안정성관리연구원, 농업생태계관리연구원, 농업환경정화연구원, 농업기후변화대응연구원, 바이오메스연구원, 농업자원활용연구원",-,[1221]생명과학 연구원,[2111]생명과학 연구원,[M701]자연과학 및 공학 연구개발업,2012,-
농촌관광플래너,"농촌의 자연, 사회·문화, 그리고 인적 자원을 활용하여 농촌체험 및 농촌여행 상품을 기획, 개발하고 안내하며 체험시설 등을 운영한다.","농촌체험 및 여행상품에 대한 시장조사와 상품성 검토, 자원관리, S.T.P전략 및 마케팅믹스를 한다. 농촌체험 및 여행상품을 기획 및 개발한다. 농촌체험시설 및 관광시설을 안내한다. 체험 등 관련 시설을 운영하기 위한 계획을 수립한다. 시설 운영과정에서 안전관리, 홍보고객관리, 서비스품질 관리 등을 수행한다.",14년 초과 ~ 16년 이하(대졸 정도),1년 초과 ~ 2년 이하,자료 (조정) / 사람 (협의) / 사물 (관련없음),가벼운 작업,-,실내·외,-,-,"농촌관광해설사, 농촌체험해설사, 팜파티지도사, 농촌체험휴양마을운영자, 농촌체험사무장","국내여행안내사, 관광통역안내사, 농어촌개발컨설턴트, 농어촌퍼실리테이터",[5211]여행상품 개발자,[2732]여행 상품 개발자,[N752]여행사 및 기타 여행보조 서비스업,2019,-
농촌교육농장운영자,"농업·농촌의 자원을 활용하여 학생들과 일반들에게 학습과 쉼을 제공하기 위하여 교육농장을 설계하고 각종 교육프로그램을 기획, 개발 및 운영한다.","농업·농촌의 자원을 활용하여 농촌교육 농장을 설계하고 구성한다. 교육 대상 및 교육 소재 등을 토대로 프로그램을 기획하고 개발한다. 농촌교육 농장 및 프로그램에 대해 홍보한다. 학교 등 참여기관 담당자와 학습 일정과 내용 등을 논의한다. 교육농장 프로그램을 위한 교구 및 교재를 개발한다. 프로그램에 맞춰 강의, 체험활동 등 프로그램을 안전하게 운영한다. 교육농장 시설 등을 점검하고 관리한다. 교육대상의 반응 등을 고려하여 교육프로그램을 평가하고 필요시 수정한다.",14년 초과 ~ 16년 이하(대졸 정도),6개월 초과 ~ 1년 이하,자료 (수집) / 사람 (교육) / 사물 (관련없음),가벼운 작업,언어력,실내·외,-,"농촌교육농장플래너, 교육농장운영자",-,-,[2149]기타 문리·기술 및 예능 강사,[2549]기타 문리·기술 및 예능 강사,"[R902]도서관, 사적지 및 유사 여가관련 서비스업",2019,-
농촌생활연구원,"농촌의 가정·생활문화, 생활환경 및 농업환경에 대한 보존과 개선에 관한 연구를 한다.","농촌가족 및 농촌가정관리에 관한 연구를 한다. 전통토착지식의 활용, 개발 및 농촌생활문화에 대한 연구를 한다. 농산물조리법의 개발 및 과학성에 관한 연구를 한다. 농산식품자원의 영양 및 생리효과를 연구한다. 농업인의 영양실태 및 섭취식품성분 분석에 관한 연구를 한다. 농촌 여성의 삶의 질을 향상시키기 위한 연구를 한다. 농촌의 주거 및 생활환경의 개선, 보전에 관한 연구를 한다. 농업인의 건강관리 및 농작업 환경에 관한 연구를 한다. 농촌생활과학에 관한 기술정보 및 교재에 관한 연구를 한다. 농촌환경의 공익적 가치개발에 관한 연구를 한다. 그 외에 연구원(일반)이 수행하는 일반적인 업무를 수행한다.",16년 초과(대학원 이상),2년 초과 ~ 4년 이하,자료 (종합) / 사람 (자문) / 사물 (정밀작업),보통 작업,웅크림,실내·외,-,"농촌연구사, 농촌연구관","농촌생활에 대한 전문연구분야에 따라 농촌가정경영연구원, 농촌생활환경연구원",-,[1102]사회과학 연구원,[2122]사회과학 연구원,[M702]인문 및 사회과학 연구개발업,2012,-
농촌지도사,"농가를 대상으로 농업소득증대, 작물생산기반의 확충, 농업생산성 향상을 위해 재배기술 및 우량품종 등에 관한 교육·홍보를 실시하고 지도한다.","농촌지도사업에 대한 장·단기발전계획을 세운다. 농업농가의 발전을 위하여 농기계, 시설사업, 특용작물재배, 농촌연료, 재배기술 등을 조사한다. 지도사업에 필요한 자료와 통계를 만든다. 홍보교육을 통하여 각종 작물재배방법을 지도하고 신품종을 보급한다. 병충해의 피해를 최소화시키기 위하여 방제적기와 방제법을 보급하고 농약안전사용을 지도한다. 농민과 농촌청소년 또는 농민후계자들을 대상으로 의식개발, 영농기술 및 경영능력 향상, 지도력의 배양을 위하여 전문교육을 실시하고 농업경영에 따른 개선점을 지도한다. 각종 농업용기계의 안전사용을 위하여 기계의 구조와 작동원리, 조정방법을 교육한다. 농민들의 건강향상을 위하여 편리하고 위생적인 생활에 대하여 교육한다.",14년 초과 ~ 16년 이하(대졸 정도),1년 초과 ~ 2년 이하,자료 (수집) / 사람 (교육) / 사물 (관련없음),가벼운 작업,언어력,실내·외,-,농촌지도원,"지도하는 분야에 따라 축산물지도원, 농촌생활지도사, 농업지도원, 농업기계지도원, 원예작물지도원",-,[1223]농림어업 시험원,[2132]농림·어업 관련 시험원,[O842]사회 및 산업정책 행정,2012,-
뇌파기사,신경계질환 및 뇌장애를 검진하기 위해 뇌파검사기를 사용하여 신경세포의 활동을 측정·검사하고 기록지에 기록한다.,은제 원판이나 전극침을 전도성이 높은 접착테이프로 환자의 머리 또는 특정부위에 붙이고 뇌전도기의 스위치를 조작한다. 검사 도중 환자의 상태나 움직임을 관찰하여 분석에 도움이 되도록 그래프에 표시한다. 기계의 콘덴서를 갈아 끼우는 등 간단한 고장을 수리한다. 검사 협조가 어려운 경우 및 소아환자의 경우 수면뇌파검사를 실시하기도 한다.,12년 초과 ~ 14년 이하(전문대졸 정도),3개월 초과 ~ 6개월 이하,자료 (수집) / 사람 (말하기-신호) / 사물 (제어조작),가벼운 작업,시각,실내,-,-,-,임상병리사,[3061]임상병리사,[2451]임상병리사,[Q861]병원,2017,-
누비질기계조작원,"장갑, 누비이불, 매트리스 커버 등의 제품을 만드는 데 사용되는 천을 누비질하는 기계를 조작한다.","실패를 실걸이에 걸고 실 끝을 유도장치, 인장기 등을 통하여 바늘귀에 꿴다. 북 실패를 북집에 집어넣는다. 기계의 각 부분을 점검한 후 누비질할 넓게 편 천을 기계로 옮기거나 천 두루마리를 기계에 건다. 누비질할 천의 시작점을 교정하고 기계를 가동한다. 누비질한 부위를 관찰하여 끊어진 실, 고르지 못한 가장자리 등의 결함이 있는지 검사한다. 낡거나 부러진 바늘을 교체한다.",9년 초과 ~ 12년 이하(고졸 정도),3개월 초과 ~ 6개월 이하,자료 (수집) / 사람 (관련없음) / 사물 (제어조작),보통 작업,-,실내,소음·진동,퀄팅원,-,-,[8612]직조기·편직기 조작원,[8221]직조기 및 편직기 조작원,[C139]기타 섬유제품 제조업,2016,-
누비질기계조정원,작업도표 및 기계 기능에 관한 지식을 응용하여 누비질 기계를 조정한다.,"누비질 작업도안에 필요한 누비질 기계의 수치를 알기 위하여 도표를 분석한다. 기계의 도안을 변경하기 위하여 바늘 행정을 조정하는 캠을 교체한다. 바늘 행정과 루퍼(Looper)를 일치시키기 위해 나사돌리개를 조절한다. 기계의 작동소리를 듣고 바느질 작업을 관찰하여 결함을 알아낸다. 기계를 분해하여 파손되거나 마모된 부품을 수리하고 교체한다. 직물과 실의 종류에 따라서 실의 장력, 바늘, 행정, 공급 속도를 조절한다. 기계를 분해하여 파손되거나 마모된 부품을 수리하고 교체하기도 한다.",9년 초과 ~ 12년 이하(고졸 정도),6개월 초과 ~ 1년 이하,자료 (비교) / 사람 (관련없음) / 사물 (수동조작),보통 작업,-,실내,소음·진동,-,-,"기계정비기능사, 기계정비산업기사",[8111]공업기계 설치·정비원,[7531]공업기계 설치 및 정비원,[C139]기타 섬유제품 제조업,2015,-
누비질반장,"침구류, 장갑, 이불 등의 제품에 사용되는 천을 누비질하는 데 종사하는 작업원의 활동을 감독·조정한다.","기계를 검사하여 정상작동 여부를 점검한다. 누비질한 부위를 관찰하여 끊어진 실, 고르지 못한 가장자리 등의 결함이 있는지 검사한다. 작업의 진행사항을 파악하고 작업내용을 보고한다. 작업원의 작업상황을 관리·감독하고 기술적인 지원 및 낡거나 부러진 바늘 등의 자재를 공급한다. 작업계획에 따라 세부실행항목을 수립하고 작업절차 및 방법을 결정하여 작업원에게 작업내용을 지시하고 작업배치를 한다. 표준작업명세에 따라 지시된 작업이 이루어지는지 작업원과 함께 작업하며 작업상황을 관찰하고 작업내용을 점검한다. 작업원의 직무교육 및 안전위생교육을 통하여 직무수행능력을 향상시키고 안전재해를 예방한다. 수시면담과 관찰을 통하여 작업원의 애로점 및 건의사항을 수렴·해결하고 문제점을 보완한다.",9년 초과 ~ 12년 이하(고졸 정도),4년 초과 ~ 10년 이하,자료 (조정) / 사람 (감독) / 사물 (제어조작),보통 작업,-,실내,소음·진동,-,-,-,[8612]직조기·편직기 조작원,[8221]직조기 및 편직기 조작원,[C139]기타 섬유제품 제조업,2016,-
누전차단기조립원,"전류의 흐름을 제어하는 차단기 부품인 소호장치, 계폐기구, TRIP기구, 단자나사 부분 등의 테스트 기판·전자결합체·조작기판을 수동공구로 조립한다.","작업명세서에 따라 조립한 제품의 부품을 확인한다. 조립에 필요한 작업공구를 준비한다. 조립공정 순으로 소호장치, 계폐기구, TRIP기구, 단자나사 부분 등의 테스트기판·전자결합체·조작기판을 수동공구로 조립한다. 검사기구를 사용하여 조립된 차단기를 검사하기도 한다. 수지케이스 하부에 누전차단기 단자를 조립하기도 한다.",9년 초과 ~ 12년 이하(고졸 정도),3개월 초과 ~ 6개월 이하,자료 (수집) / 사람 (관련없음) / 사물 (수동조작),보통 작업,-,실내,위험내재,단자조립원,-,"전기산업기사, 전기기기산업기사",[8360]전기·전자 부품·제품 조립원,[8640]전기·전자 부품 및 제품 조립원,"[C281]전동기, 발전기 및 전기 변환ㆍ 공급ㆍ제어 장치 제조업",2014,-
눈접합원,묘목의 우량적 특성을 살리기 위하여 눈접용 대목으로 키워진 우량품종의 눈을 접합한다.,눈접하고자 하는 나무를 선정한다. 대목용 나무에 칼로 T자 모양으로 절개하고 절개 지점을 칼로 벌린다. 접가지에서 떼어낸 눈을 절개 지점에 삽입하고 눈접이 용이하도록 끈으로 묶는다. 눈접한 나무의 활착상태를 관찰한다.,9년 초과 ~ 12년 이하(고졸 정도),6개월 초과 ~ 1년 이하,자료 (비교) / 사람 (말하기-신호) / 사물 (수동조작),보통 작업,-,실내·외,-,-,-,-,[9014]원예작물 재배원,[6121]원예작물 재배원,[A020]임업,2017,-
뉴스프로듀서,"뉴스 제작을 기획·총괄하고, 관련 종사원들의 활동을 지휘·감독한다.","뉴스 아이템이 각 팀(사회부, 국제부, 경제부, 문화부 등)별로 배정되고 나면 큐시트 가안을 만들어서 스태프나 관계자들에게 전달한다. 영상 편집과 앵커 멘트를 준비시킨다. 중계차나 전화연결 준비가 되었는지 점검한다. 아이템별로 리포트들이 준비되면 각 담당 기자에게 리포트의 시간 분량을 파악하고 전체 뉴스 진행시간과 맞는지 조정하며 자막을 체크한다. 이펙트(앵커가 멘트할 때 화면 아래에 또는 좌우측 상단에 표시되는 자막)을 만들고 점검한다. 헤드라인(그 날의 뉴스 중 가장 대표적인 뉴스 몇 가지를 뽑아 제목을 간략하게 요약한 것)과 간추린 뉴스기사의 자막을 작성한다. 기자들이 만들어온 리포트 테이프가 뉴스 순서에 맞게 플레이되도록 정리한다. 뉴스 생방송 진행 중에 부조종실에서 기술감독, 앵커, 카메라감독, 비디오 담당자, 자막 담당자 등에게 큐사인을 주며 진행을 지휘한다. 큐시트에 맞게 시간을 체크하고 정확한 시간에 종료될 수 있도록 시간관리 및 전체적인 진행을 총괄한다. 방송 중 예상치 못한 상황에 적절히 대응한다.",14년 초과 ~ 16년 이하(대졸 정도),2년 초과 ~ 4년 이하,자료 (조정) / 사람 (감독) / 사물 (관련없음),가벼운 작업,-,실내,-,"방송연출가, 뉴스PD",-,-,[4161]감독 및 기술감독,[2831]감독 및 기술 감독,"[J591]영화, 비디오물, 방송프로그램 제작 및 배급업 / [J602]텔레비전 방송업",2012,-
능형망제조원,크리프(Creep) 장비 등 철망기계를 조작하여 금속울타리 등의 건축설치용 체인링크철망으로 사용하기 위한 능형망을 제조한다.,"작업명세서에 명시된 능형망의 규격에 따라 작업계획을 수립한다. 철망기계의 작동 여부를 점검한다. 철선의 굵기 등 규격을 정하고 제품의 종류에 따라 철선의 굵기와 그물눈(Mesh)의 크기에 맞는 금형틀을 선택하여 크리프기계에 설치하고 조정한다. 아연 도금철선재 및 PVC 피복철선재를 크리프(Creep : 외력이 일정하게 유지되어 있을 때, 시간이 흐름에 따라 재료의 변형이 증대하는 현상) 장비에 넣고 작업지시서의 규격에 맞게 굴곡각도를 설정한다. 철망기기를 작동하여 일정한 규격으로 철사를 구부리고 절단한다. 철망기기를 일정모양으로 교차하도록 기기를 조작하여 절단된 철선을 교차적으로 엮어준다. 기기를 작동하면서 마찰을 줄이기 위해 윤활유를 철선에 뿌리기도 한다. 날카로운 철사의 끝부분을 수동절단기로 절단하여 다듬질하고 교차된 철선을 두 가닥씩 꼬아준다. 제품의 품질을 검사하고 일정 규격에 맞게 포장하고 적재한다.",9년 초과 ~ 12년 이하(고졸 정도),1년 초과 ~ 2년 이하,자료 (수집) / 사람 (말하기-신호) / 사물 (수동조작),보통 작업,"웅크림
손사용",실내,"위험내재
소음·진동","체인링크철망제조원, 능형망펜스제조원",용접철망기조작원,,[7011]강구조물 가공원 및 건립원,[7811]강구조물 가공원 및 건립원,"[C251]구조용 금속제품, 탱크 및 증기발생기 제조업",2022,
